time,161398,66889,67897,353767,193501,521986,112273,21373,196504,74863,522430,69364,521980,521983,514987,197593,521977,512008,246697,156526
2025-07-08T10:00:00.000Z,1,0.44,0.8,0.8,0.1,0.95,,0.6,0.8,0.2,0.67,0.1,0.1,0.17,0.85,0.2,1.33,1.1,0.6
2025-07-08T17:00:00.000Z,1.6,0.7,1.21,0.98,0.8,1.96,,1.3,1.41,1.2,1.2,0.7,1.2,0.09,1,1.2,2,1.36,0.9
2025-07-09T03:00:00.000Z,1.4,0.95,2.82,1.25,3.45,1.5,,1.3,1.3,3.35,1.6,1.9,4.05,0.5,1.38,4.3,4.5,1.95,1.75
2025-07-10T03:00:00.000Z,4.5,0.95,4.3,1.95,4.2,1.77,,1.6,2.33,4.7,2.6,2,4.3,0.5,2.07,4.8,5.33,2.29,1.59
2025-07-19T05:00:00.000Z,3.8,1.17,3.99,2.9,4.2,2.25,3.9,2.7,3,3.8,1.8,2.1,4.05,0.67,2.95,4.35,6.67,2.91,2.2
2025-07-08T08:00:00.000Z,0.9,0.47,1.1,0.8,0.4,0.9,,0.52,0.72,0.3,0.8,0.25,0.6,0.09,0.82,0.8,1.17,1.17,0.67
2025-07-07T05:00:00.000Z,28.5,10.48,13.97,10.02,34.7,0.1,,12.75,19.58,32.9,27.95,22.2,37.7,29.5,13.77,38.8,30.25,9.79,13.2
2025-07-07T18:00:00.000Z,15.4,4.75,9.32,3.42,22.5,10.73,,4.67,9.02,22.1,6.43,2.4,21.3,24.67,3.85,21.65,23.67,5.54,6.43
2025-07-08T23:00:00.000Z,1.5,0.7,2.3,1.3,1.3,1.34,,1.3,1.6,1.5,1.52,1,1.5,,1.27,1.5,2,1.6,1.1
2025-07-14T19:00:00.000Z,10.6,1.67,3.58,2.6,8.1,,,1.8,2.17,7.4,2.3,3.75,7.35,7.5,2.5,7.4,21.83,3.34,2.4
2025-07-16T10:00:00.000Z,19,3.93,7.03,4.97,14.4,,16.5,3.7,5.4,14.8,5.72,9.2,15.35,16.5,4.68,16.5,22.67,5.1,8.97
2025-07-16T12:00:00.000Z,17.2,3.6,6.14,4.43,17.25,,15.75,3.65,5.6,19.7,5.4,10.1,18,20.42,4.1,17.6,24.33,5.6,4.68
2025-07-07T02:00:00.000Z,19.35,7.73,,7.55,29.35,0.1,,10.1,15.4,27.1,17.63,17.3,31.45,25.5,10.75,30.95,27.33,7.7,13.36
2025-07-10T10:00:00.000Z,8.6,2.38,6.25,2.48,6.25,5.3,,5.92,7.18,6.35,4.3,3.55,7.1,3.33,4.03,6.9,10.33,4.37,3.88
2025-07-13T19:00:00.000Z,7.4,1.5,4.29,2.13,7.6,,,1.95,9.98,7.3,2.5,3.7,7.55,6,6.03,7.7,10.33,3.3,2.1
2025-07-17T06:00:00.000Z,17,4.78,12.58,5.72,22.5,,14.5,8.44,9.9,16.9,7.55,13.2,24,20.17,7.83,23.3,25.17,8.4,9.25
2025-07-17T08:00:00.000Z,21.5,6.7,12.35,6.84,26.25,,19.6,7.53,8.73,19.75,10.1,15.8,28.05,22.75,7.97,27.1,29.33,8.5,11.43
2025-07-05T13:00:00.000Z,5.1,1.2,,1.9,6,4.03,,1.5,3.1,6.6,2.3,3.6,6.4,2.59,1.6,7,7,2.6,1.8
2025-07-10T07:00:00.000Z,4.3,1.1,3.33,2.3,2.75,1.8,,1.69,2.58,3,1.82,1.5,3.7,0.5,2.94,3.6,4.59,2.32,1.3
2025-07-10T12:00:00.000Z,6.1,2.42,6.52,1.91,7.6,5.5,,4.03,4.9,8.4,4.17,3.3,7.8,2.67,3.13,8.1,8.83,3.36,3.34
2025-07-11T01:00:00.000Z,10.4,2.41,4.79,2.9,11,4.59,,4.72,3.75,11.4,3.65,6.4,11.7,8.25,3.35,11.9,15,3.6,3.65
2025-07-12T21:00:00.000Z,5.4,1.1,4.32,1.7,4.5,,,2.09,1.8,4.7,2.03,2.3,5,2.33,1.6,5,7.83,2.3,1.7
2025-07-16T07:00:00.000Z,23.75,5.1,10.84,8.32,24.3,,,8.11,6.82,19.7,8.38,15.15,25.25,24,7.82,25.8,30.09,7.12,8.45
2025-07-17T16:00:00.000Z,8.9,2.6,4.97,3.17,10.15,7.61,7.5,2.97,4.22,10.4,4.1,5.8,10,5.5,3.25,11.75,11.5,3.92,3.46
2025-07-13T22:00:00.000Z,,2.1,5.72,3.08,13.95,,,2.72,3.75,11.6,3.9,6.7,13.4,7.17,3.13,13.1,14.5,4.38,2.89
2025-07-07T10:00:00.000Z,13.5,2.8,5.27,3.38,12.7,5.95,,3.42,5.78,10.2,4.53,7.1,13.3,11.67,3.9,13.45,20.17,4.4,3.63
2025-07-10T09:00:00.000Z,6.1,1.85,3.9,2.28,4.2,3.51,,3.15,4.43,4.65,3.14,0.35,5,1.33,2.97,4.7,7.67,2.99,2.78
2025-07-12T00:00:00.000Z,5.6,1.48,3.5,1.98,7.65,,,1.99,2.35,6.8,2.93,4.85,7.45,3,2.17,8.4,7.83,2.53,2.25
2025-07-13T13:00:00.000Z,7,1.63,4.76,1.72,6.1,,,1.55,2.38,17.6,2.27,3.4,6.3,3.34,1.79,7.3,31.09,2.94,2
2025-07-15T03:00:00.000Z,9.1,1.88,5.24,3.46,12.8,,,2,2.65,11.6,3.87,6.4,12,7,2.92,12.5,13,3.41,2.65
2025-07-16T20:00:00.000Z,15.1,3.61,7.2,4.07,14.4,,16.7,4.45,6.72,15.8,6,8.2,15.2,18.83,20.73,15,22.5,6,4.72
2025-07-07T20:00:00.000Z,2.4,0.65,1.44,1.1,1.55,1.45,,1.92,1.2,1.75,0.7,0.7,1.7,0.5,1.1,2.25,2,1.5,1.05
2025-07-12T12:00:00.000Z,5.95,1.85,3.92,1.7,8.2,,,1.4,2,8.35,3.05,5.1,8.9,3.92,1.8,9.3,11.09,2.46,2.47
2025-07-14T18:00:00.000Z,9.2,1.7,2.9,2.24,9.6,,,1.4,2.1,9.05,2.2,4.35,8.9,5.75,2.28,9.1,14.5,2.9,2.17
2025-07-19T00:00:00.000Z,10.65,2.7,6.87,3.48,11.6,6.4,10.5,5.32,6,11.55,4.75,6.55,10.95,7.25,4.47,11.7,14,4.93,4.75
2025-07-19T07:00:00.000Z,4.6,1.35,4.65,2.2,3.7,2.5,4.2,2.46,5.07,3.8,1.9,2,4.2,1.5,2.19,4.25,7.5,2.8,2.14
2025-07-10T21:00:00.000Z,11.4,1.8,4.39,2.67,6.95,4.95,,6.07,3.1,7.6,3.45,4.3,7.9,5.33,3.1,7.8,11.67,3.63,2.92
2025-07-07T23:00:00.000Z,0.15,0.38,1.17,0.6,0.1,0.55,,0.35,0.42,0.2,0.6,0.1,0.1,0.17,0.5,0.1,0.17,0.9,0.3
2025-07-11T03:00:00.000Z,10.2,2.24,5.09,3.2,12.2,3.88,,3.25,3.71,11.3,3.67,7,12.9,8,3.29,13.4,15.33,4,3.3
2025-07-11T13:00:00.000Z,5.95,1.92,5.61,2.2,5.5,,,2.32,3.43,6,3.49,2.4,5.6,2.83,2.45,5.7,8.5,2.89,2.3
2025-07-15T11:00:00.000Z,12.45,2.63,3.96,3.14,13.6,,,2.65,4,13.55,3.9,7.6,15.6,8.17,2.97,14.6,18.92,4.03,2.71
2025-07-05T08:00:00.000Z,1.3,0.75,,1,2.7,1.33,,0.73,3.67,2.25,1.25,1.5,2,0.59,1.05,2.4,2.67,1.4,1.17
2025-07-11T07:00:00.000Z,8.7,1.9,3.69,2.46,8.3,,,2.46,3.72,7.05,3.05,4.9,9.95,5.33,3.08,9.7,13,3.48,3.1
2025-07-11T15:00:00.000Z,4.5,1.1,2.62,1.5,3.7,,,1.3,1.8,4.3,2,1.5,4,0.67,1.4,4.9,5.67,2.29,1.5
2025-07-12T01:00:00.000Z,4.5,1.38,3.72,1.8,5.75,,,1.58,2.03,5.45,2.15,3.35,5.75,2.17,1.88,6.4,7.25,2.45,2.1
2025-07-13T05:00:00.000Z,12.3,2.47,7.9,3.01,12.8,,,5.7,4.35,11.6,4.53,7.9,14.35,8.5,3.4,14.5,18.84,6.99,3.88
2025-07-14T04:00:00.000Z,14.45,1.6,5.12,5.97,12.2,,,3.33,3.67,9.6,3.9,6.5,12.45,5.17,5.15,12.1,10.67,3.98,2.24
2025-07-17T01:00:00.000Z,14,3.6,8.76,4.53,18.15,,12.7,5.2,6.38,16.3,5.99,10,17.45,14,4.84,18,18.5,5.53,5.5
2025-07-10T13:00:00.000Z,4.3,1.56,4.87,1.4,5.3,5.03,,2.63,2.88,5.5,2.83,0.4,5.5,0.67,1.9,5.4,5.67,2.6,2.42
2025-07-18T14:00:00.000Z,4.15,1.35,2.6,2,4.35,5.72,3.7,1.5,2.97,5.1,2.63,2.4,4.6,0.67,1.91,5.9,5.33,2.4,1.83
2025-07-13T12:00:00.000Z,6.7,1.82,5,2.2,8.5,,,1.83,2.8,9.5,3.2,5.4,9.25,5.67,2.33,10.2,12.83,3.2,2.2
2025-07-17T10:00:00.000Z,15.6,5.13,9.25,5.3,22.5,,14.5,5.38,7.07,19.5,7.7,14,22.7,19.75,5.9,22.7,22.84,6.47,8.07
2025-07-06T16:00:00.000Z,4.85,1.55,,1.8,5.8,0.32,,2.08,2.5,5.75,3,0.3,5.7,2.67,2.03,6.1,7.17,2.4,2.63
2025-07-14T16:00:00.000Z,10.5,1.98,3.87,2.62,11.9,,,1.63,2.3,10.9,2.76,5,11.1,7.33,2.15,11.7,15,3.55,2.5
2025-07-15T22:00:00.000Z,24.6,3.7,8.47,6.28,23.8,,,5.1,6.28,20.7,5.3,12.3,22.7,21.83,5.97,22.2,29.83,7.53,5.08
2025-07-17T05:00:00.000Z,15.25,4.18,11.01,6.1,22.45,,13.3,7.25,8.38,17.1,6.28,12.4,23.1,20.83,7.05,22.45,23.67,7.4,8.2
2025-07-18T05:00:00.000Z,4.9,1.54,4.38,1.69,7.05,2.78,5.05,1.9,2.78,7.05,2.57,3.6,6.5,3.33,1.69,7,8.67,2.87,2.72
2025-07-08T18:00:00.000Z,1.45,0.7,1.1,1.01,0.7,1.52,,1.2,1.42,1.1,1.14,0.5,1,,0.9,1.2,1.83,1.3,0.93
2025-07-07T14:00:00.000Z,3,1.29,1.88,1.5,4.5,4.63,,1.1,1.3,4.4,1.64,0.2,4.4,0.5,0.87,5.8,5,1.92,1.4
2025-07-09T02:00:00.000Z,0.75,0.65,2.21,0.9,2.3,1.1,,0.98,1,2.3,1.13,1.4,2.9,0.25,0.9,3,2.67,1.49,1.1
2025-07-12T07:00:00.000Z,4.25,1.3,3.39,1.7,5,,,1.48,2.1,4.05,1.95,2.8,5.9,2.33,1.88,5.6,7.83,2.54,2.12
2025-07-13T17:00:00.000Z,6.6,1.3,3.78,2.1,6.4,,,2.08,2.8,6.3,2.33,3.2,6.05,3.5,8.63,6.6,8.83,2.99,1.83
2025-07-14T05:00:00.000Z,18.55,2.12,8.15,6.27,11,,,4.9,6.84,8.2,4,5.8,11.5,4.5,7.5,11.4,14.33,4.95,2.65
2025-07-16T11:00:00.000Z,17.2,3.95,5.05,5.07,16.7,,16.55,3.88,5.8,18.5,5.8,10.2,18.25,17.83,4.63,18.1,24.5,5.45,4.9
2025-07-06T21:00:00.000Z,9.1,2.2,,3.72,9.8,0,,3.4,5.75,10.8,5.43,5.6,10.45,6.33,3.83,10.7,14.67,5.3,3.21
2025-07-15T17:00:00.000Z,14.9,2.64,5.03,3.88,14,,,2.58,3.44,14.4,3.78,7.3,14.9,12.5,3.47,15.45,21,4.45,3.17
2025-07-08T02:00:00.000Z,0.55,0.3,1.1,0.6,0.2,0.68,,0.5,0.6,0.5,0.9,0.2,0.3,,0.68,0.45,0.67,1.02,0.5
2025-07-06T08:00:00.000Z,19,4.46,,7.8,23.6,8.18,,8.6,10.45,18.5,8.2,14.95,26,19.33,9.05,25.6,21.83,8.55,7.53
2025-07-06T18:00:00.000Z,5.45,1.5,,2.33,6.8,0,,1.7,2,7.05,4.12,3.7,7.1,2.5,2.6,7.7,8.09,2.15,2.17
2025-07-15T23:00:00.000Z,26.4,4.4,9.15,7.65,23.25,,,5.9,6.97,20.2,7,11.8,22.1,22.67,7.43,21.65,31.83,7.84,5.63
2025-07-16T05:00:00.000Z,19.2,3.5,8.79,5.9,18.65,,,5.55,6.97,17.05,6.88,10,17.8,19.83,5.57,18.7,23.5,6.45,5.09
2025-07-16T19:00:00.000Z,15.2,3.4,6.67,3.72,14.1,,16.15,4.13,5.87,15.2,5.17,7.8,15,16.75,4.3,14,22,5.2,4.55
2025-07-06T05:00:00.000Z,22.8,6.13,,11.43,21.45,15.57,,15.9,19.35,20.7,10.07,13.5,22.4,22,15.97,23.45,27,8.7,10.49
2025-07-06T19:00:00.000Z,8.3,,,,10.1,,,,,9.9,,5.4,10.15,5.67,,11,11.83,,
2025-07-07T19:00:00.000Z,4,0.9,1.92,1.4,2.1,2,,2.1,2.3,2.75,1.1,0.05,2.55,1.33,1.27,3.1,3.67,1.73,1.32
2025-07-09T14:00:00.000Z,1.4,0.7,1.58,0.95,1.7,3.19,,0.7,1,1.5,1.41,0.8,1.75,1.92,0.93,2.2,1.67,1.23,0.9
2025-07-13T04:00:00.000Z,5.7,1.35,5.18,1.88,9.2,,,1.7,2,8.2,2.38,5.65,11.1,4.42,2,10.25,10,2.67,2.8
2025-07-18T12:00:00.000Z,2.9,1.21,2.6,1.7,2.6,4.13,2.8,1.12,1.7,3.75,2.03,1.55,2.85,0.33,1.6,2.9,5,1.97,1.5
2025-07-06T17:00:00.000Z,6.1,1.65,,2.26,6.15,0,,2.29,2.63,7.3,3.9,0.4,6.95,3.33,2.65,7.1,8.17,2.64,2.72
2025-07-15T00:00:00.000Z,10.3,1.8,4.1,2.94,10.6,,,1.92,2.63,9,3.42,5.1,9.8,4.83,2.6,10.1,12.67,3.2,2.5
2025-07-11T10:00:00.000Z,10.6,3.3,4.72,4.17,10.4,,,5.53,5.7,10.3,5.16,6.95,11.5,6.67,4.82,11.3,14.83,4.3,4.98
2025-07-11T18:00:00.000Z,2.7,1.1,2.38,1.27,3.65,,,1.32,1.4,4,1.63,1.85,3.7,1.83,1.3,3.9,5.67,1.8,1.27
2025-07-12T06:00:00.000Z,5,1.67,4.68,2.15,6.6,,,2.05,2.67,4.95,2.33,3.7,7.85,3.83,2.34,7.4,10.33,3.2,2.6
2025-07-13T01:00:00.000Z,5.6,1.17,3.07,1.73,4.4,,,1.3,1.97,4.2,1.9,2.1,4.8,1,1.8,4.7,6.59,2.25,1.58
2025-07-14T21:00:00.000Z,8.7,1.65,3.74,2.4,10.8,,,1.88,2.72,8.5,2.9,5.3,10.3,6,2.25,9.9,16.83,3.4,2.7
2025-07-14T22:00:00.000Z,8.1,1.5,3.84,2.3,9.7,,,1.63,2.89,8,3,4.45,9.1,4.5,2.25,8.8,13.33,3.47,2.51
2025-07-17T04:00:00.000Z,14.5,3.78,9.97,5.82,22,,12.4,7.18,8.32,17.3,5.68,12.75,22.35,18.5,6.38,22.3,21.5,6.84,7.4
2025-07-06T23:00:00.000Z,10.8,2.19,,4.06,7.1,0,,3.9,5.55,8.05,5.3,4.2,8,4.42,4.89,8,11.58,4.3,3.49
2025-07-19T04:00:00.000Z,4.2,1.3,4.46,2.85,4.1,2.54,4.2,2.85,3.45,3.75,1.88,2.1,4.1,1.17,3.2,4.4,7.5,3.15,2.3
2025-07-17T07:00:00.000Z,20.75,6.03,13.32,6.8,25.6,,19.1,8.68,9.79,19,9.02,14.7,28.2,23,8.45,26.3,28.25,8.86,11.27
2025-07-14T02:00:00.000Z,13.6,2.62,4.65,4.38,11.3,,,1.98,2.13,11,3.87,6.1,11.6,4.75,4.28,11.7,14.17,2.65,3.19
2025-07-14T07:00:00.000Z,24.75,4.1,12.45,5.22,19.7,,,8.57,14.7,14.1,5.57,9.9,21.4,13.17,8.07,20.2,23.83,10.6,4.97
2025-07-15T16:00:00.000Z,13.8,2.42,4.78,3.6,13.6,,,2.35,3,13.7,3.8,6.65,13.7,10.5,3.03,15.1,17,4.52,3
2025-07-18T23:00:00.000Z,8.3,2.58,5.89,2.72,11.55,4.62,7.9,3.72,4.15,10.7,3.78,6.5,10.9,7,3.3,11.7,12.83,4,6.2
2025-07-09T04:00:00.000Z,3.2,1.1,2.98,1.92,4.8,2.3,,1.8,1.85,3.8,1.65,2.7,5.7,1.25,2.05,5.6,6.17,2.3,1.88
2025-07-16T17:00:00.000Z,13.85,3.1,6.18,3.85,14.55,,11.45,3.6,4.47,14.9,4.9,7.8,15.1,10.33,4.02,15.8,17.83,4.7,4.07
2025-07-08T03:00:00.000Z,1.8,0.6,1.3,0.74,1.3,1.08,,0.5,0.8,1.75,1.45,0.8,1.7,0.34,0.82,1.6,2,1.19,0.8
2025-07-08T09:00:00.000Z,0.9,0.5,1.02,0.8,0.6,0.8,,0.7,0.8,0.4,0.88,0.4,0.6,0.5,0.9,1,1.17,1.1,0.63
2025-07-08T16:00:00.000Z,1.5,0.6,1.37,0.9,0.8,2.22,,1.08,2.9,1.3,1.15,0.6,1,,0.98,1.5,1.83,1.38,1
2025-07-10T04:00:00.000Z,3.9,1.4,4.34,1.98,5.5,1.66,,1.5,2.1,5.8,2.49,2.9,5.9,0.67,2.1,6.4,5.33,2.2,1.63
2025-07-12T23:00:00.000Z,5.2,1.1,3.25,1.7,5.5,,,1.77,1.63,4.6,2.47,2.8,5.2,1.17,1.7,5.75,7.83,2.2,1.58
2025-07-14T11:00:00.000Z,12.4,2.25,3.86,3.08,13.6,,,2.4,3.9,11.1,3.44,6.45,12.5,8.33,2.67,12.4,18.33,4.09,2.69
2025-07-14T17:00:00.000Z,9,1.73,3.3,2.3,10,,,1.29,2.13,9.3,2.53,4.7,9.5,6.59,1.84,10.1,13.5,3.13,2.23
2025-07-05T14:00:00.000Z,3.9,1.09,,2,5.6,4,,1.6,2.5,5.75,2.03,3.4,6.1,2.42,1.7,7.4,5.83,2.72,1.66
2025-07-09T23:00:00.000Z,6.7,2.13,5.65,1.74,5.95,3.19,,2.25,2.55,7.1,3.05,3.1,6.3,3.5,1.95,6.8,19.33,2.72,3.04
2025-07-10T08:00:00.000Z,4.2,1.2,3.28,2.08,2.95,2.4,,1.9,2.9,2.85,2.7,1.5,4,0.5,2.22,3.55,5.25,2.5,1.59
2025-07-14T20:00:00.000Z,9.4,2.03,3.7,2.4,11.8,,,1.85,2.3,10.5,2.92,5.5,11.2,6.67,2.45,10.6,18.83,3.2,2.74
2025-07-05T16:00:00.000Z,3.5,1,,2.53,4.4,3.12,,1.71,3.08,4.3,1.8,2.4,4.05,1.25,2,5,5.67,3.1,1.44
2025-07-06T04:00:00.000Z,17.6,5.1,,7.31,18,12.03,,9.23,10.6,19,7.22,11.1,19.1,18.5,8.9,19.8,23.59,8.91,8.77
2025-07-06T13:00:00.000Z,20.25,5.9,,5.07,27.5,8.4,,5.28,7.72,27.2,6.07,17.9,29,26.33,5,30.3,30.17,7.48,9.22
2025-07-07T09:00:00.000Z,17.4,3.67,7.65,4.18,12.4,0.35,,3.9,5.5,10.2,5.15,7.4,13.5,13.59,5.6,12.4,23.59,5.37,5
2025-07-08T01:00:00.000Z,0.1,0.3,0.95,0.57,0.1,0.35,,0.3,0.4,0.2,0.67,0.1,0.1,,0.5,0.1,0.17,0.9,0.37
2025-07-09T05:00:00.000Z,6.15,1.73,3.7,2.95,7.55,3.85,,2.75,2.01,6.85,2.07,4,8.5,4.5,2.9,8,11.83,3.34,3
2025-07-09T09:00:00.000Z,2.3,0.88,3.99,1.55,2.7,2.22,,2.97,4.78,2.05,1.2,1.5,2.75,0.5,1.95,2.9,4.67,3.34,2.65
2025-07-11T21:00:00.000Z,3,1.1,2.65,1.23,2.8,,,1.37,1.52,3.7,1.62,1.4,3.3,0.5,1.52,3.2,5.75,1.9,1.64
2025-07-05T11:00:00.000Z,7.6,2,,2.4,9.6,3.5,,2.05,3.39,10.1,3.3,5.9,10.3,6.09,2.34,10.5,12.17,3.5,3.8
2025-07-12T22:00:00.000Z,5,1.15,3.13,1.65,4.7,,,2.1,1.62,4.7,1.9,2.2,4.85,1.33,1.65,4.95,7.59,2.14,1.67
2025-07-08T04:00:00.000Z,3.4,1,1.89,1.27,2.8,1.7,,0.8,1.1,2.9,1.95,1.5,3.1,0.17,1.3,3.05,4.17,1.4,1.4
2025-07-08T19:00:00.000Z,2.05,1,1.2,0.7,0.55,1.1,,1.27,2.71,1.1,0.9,0.4,0.9,1.17,0.7,1,2,1.5,0.9
2025-07-12T13:00:00.000Z,,1.27,3.09,1.7,5,,,1.29,1.88,5.6,2.2,2.7,5.3,1.5,1.6,5.75,7.33,2.2,1.76
2025-07-07T13:00:00.000Z,5.25,1.7,2.75,1.92,6.45,4.9,,1.6,2.3,7.2,2.35,0.4,7.3,2.5,1.4,7.5,8.33,2.6,1.8
2025-07-16T15:00:00.000Z,13.1,3.38,6.22,4.05,16.3,,13.6,3.78,5.38,17.05,5.2,9,17.8,14.25,4.13,19.25,18.33,5.86,4.19
2025-07-14T00:00:00.000Z,,1.42,3.83,1.83,12.4,,,1.27,1.8,11.8,4.1,7.2,13.15,7.83,1.75,13.2,7.33,2.3,3.13
2025-07-09T06:00:00.000Z,8.6,2.1,4.84,3.17,7.1,4.5,,3.9,10.78,7.75,2.94,4.2,8.85,4.17,4.15,8,13.67,3.92,3.54
2025-07-10T06:00:00.000Z,4.7,1.33,3.79,1.8,5.5,2.32,,1.85,3,5.05,2.05,2.8,6.1,1.5,1.77,6,6.59,2.2,1.65
2025-07-11T22:00:00.000Z,3.1,1.52,3.91,1.3,10.3,,,1.73,2.08,7.65,1.8,5.9,10.6,6.75,1.34,11.8,10.42,3.29,6.18
2025-07-12T02:00:00.000Z,4.8,1.3,4.21,1.83,5.9,,,1.8,2.29,5.75,2,3.5,6.4,2.5,1.86,6.75,7.42,2.8,2.3
2025-07-12T17:00:00.000Z,7.7,1.58,4.3,2.13,7.2,,,1.88,2.38,8,2.4,3.6,7.2,5.33,1.83,8,12.59,2.8,2
2025-07-12T18:00:00.000Z,5.3,1.41,3.9,2,5.4,,,1.27,2.05,7.8,2.03,2.7,5.95,2.83,1.7,5.8,8.83,2.4,1.72
2025-07-13T06:00:00.000Z,12.1,2.38,7.15,4.13,12.2,,,3.65,4.15,10.1,4.28,7.75,13.8,8.83,3.88,14.3,16.83,4.97,3.78
2025-07-13T07:00:00.000Z,12.7,3.8,10.35,3.44,19.6,,,6.27,6.9,14.4,5.05,12.6,20.6,19.09,4.07,20.55,23.83,7.25,6.86
2025-07-05T20:00:00.000Z,13.15,2.7,,3.5,14.1,5.52,,2.97,4.74,15,4.05,7.7,14.85,10.5,3.25,14.2,19.83,4.03,3.54
2025-07-17T03:00:00.000Z,14,3.42,9.62,4.85,18.5,,11.85,6.03,6.97,16.4,5.09,10.7,18.7,14.67,5.32,19.2,20.17,6.43,6.2
2025-07-18T02:00:00.000Z,3.3,1,3.2,1.52,4.2,2.08,2.8,1.4,2,4.5,2.09,2.15,3.8,0.67,1.5,4.3,4,2,1.54
2025-07-18T21:00:00.000Z,11.5,2.1,4.27,2.7,7.9,3.8,7.55,2.93,4.25,7.7,5,3.85,7.9,4.33,3.47,8.3,11.83,3.58,3.03
2025-07-16T00:00:00.000Z,25.8,3.82,10.4,7.97,23.5,,,5.72,6.28,20.6,5.72,12.2,22.25,22.5,7.27,22,29.67,7.76,5.4
2025-07-15T06:00:00.000Z,12.35,2.83,5.79,3.07,12.55,,,3.38,7.68,10.7,3.96,6.95,12.3,8.33,3.5,12.95,16.92,5.32,3.47
2025-07-16T01:00:00.000Z,23.8,3.72,10.43,7.89,20.4,,,5.82,6.38,20.7,5.72,10.7,19.6,22.33,7.97,19.6,26.17,7.5,5.28
2025-07-16T04:00:00.000Z,17.9,3.3,8.23,5.29,18.9,,,5.45,6.85,17.4,6.5,9.8,17.7,18.67,5.24,18.55,23,6.23,4.9
2025-07-17T21:00:00.000Z,10.9,2.33,5.3,3.25,11.4,4.7,9.2,3.47,4.22,10.65,4.22,6.5,10.1,7.25,11.67,11.7,12.83,4.4,3.58
2025-07-18T01:00:00.000Z,3.4,1.1,3.34,1.6,4.1,2,3.1,1.55,1.9,3.85,1.9,2,3.6,0.5,1.57,4,4.5,2.07,1.73
2025-07-06T10:00:00.000Z,21.2,4.07,,7.6,18.5,8.99,,8.25,8.8,18.5,6.15,11.5,19.65,19.5,7.78,21.35,24.67,8.15,5.63
2025-07-11T00:00:00.000Z,9.7,2.45,4.8,3.42,9.95,4.45,,4.47,4.37,10.95,3.7,5.8,11.05,7.83,4.2,11.1,14.17,3.95,3.4
2025-07-18T07:00:00.000Z,3.2,1,2.35,1.35,3.4,1.9,2.2,1.27,1.98,2.75,1.63,1.7,2.85,0.25,1.42,3.5,4.33,2.05,1.33
2025-07-12T15:00:00.000Z,,1.3,3.58,1.97,5.2,,,1.5,2.2,5.85,2.13,2.3,5.45,2.5,1.8,5.9,8.5,2.8,1.65
2025-07-08T15:00:00.000Z,0.9,0.63,1.27,0.85,0.9,1.86,,0.82,1.02,1.1,1.08,0.5,1.1,0.34,0.88,1.55,1.5,1.33,0.9
2025-07-06T03:00:00.000Z,16.6,3.94,,5.9,16.3,10.23,,8.32,7.72,16.2,8.3,9.6,17.1,14.59,7.5,17.65,20.33,6.6,6.36
2025-07-06T11:00:00.000Z,19.3,5.59,,5.8,22.6,8.82,,6.65,10.1,21.8,7.93,14.45,22.75,23.42,7.18,25.6,28.5,6.81,7.32
2025-07-07T04:00:00.000Z,24.7,9.5,,10.55,30.05,0.03,,13.82,21.6,30.7,25.83,18.7,32.9,26.67,14.1,31.9,29.92,10.68,13.78
2025-07-12T05:00:00.000Z,5.65,1.9,5.31,2.65,9.2,,,2.55,2.42,7.6,2.4,5.4,10,5.33,2.8,10.15,11.17,3.38,3.32
2025-07-12T10:00:00.000Z,8.2,1.73,4.6,2.68,5.9,,,2.84,3.8,6,3.2,3.95,6.9,3.5,2.83,7,11.33,3.59,2.4
2025-07-12T16:00:00.000Z,7.4,1.41,3.92,2,6.4,,,1.7,2.23,6.75,2.2,3.2,6.65,4,1.93,7.4,11,2.72,2
2025-07-15T05:00:00.000Z,11.9,2.35,5.8,3.38,14.5,,,2.7,4.35,11.5,4.07,7.7,14.7,9.67,3.05,14.6,16.33,3.93,3.28
2025-07-06T01:00:00.000Z,15.55,4.88,,6.63,16.2,8.14,,8.22,8.3,20.7,8.11,9.8,17.2,18.5,6.8,17.7,25.67,8,6.09
2025-07-15T09:00:00.000Z,15.4,2.88,7.47,3.15,15.6,,,4.28,6.25,12.45,4.1,9.3,16.4,12.17,3.4,16.1,22.17,5.25,3.84
2025-07-09T00:00:00.000Z,1.1,0.59,1.82,1.2,1.1,4.05,,1.08,1.23,1.45,1.2,0.7,1.7,0.09,1.2,1.7,2.09,1.2,1.08
2025-07-09T22:00:00.000Z,7.6,1.45,4.18,1.73,6.1,2.83,,2.1,2.7,6.7,3.29,3.4,6.8,3.5,1.88,6.8,20,2.66,2.58
2025-07-12T03:00:00.000Z,5.2,1.31,4.56,2,6.4,,,2,2.7,5.8,2.17,3.8,7,3.33,2,7.25,9,2.9,2.57
2025-07-17T13:00:00.000Z,11.65,3.13,6.39,4.09,11.6,8.88,10.2,4.57,5.32,12.45,4.45,7.3,11.85,6.33,4.12,12.8,16,5.3,4.61
2025-07-18T10:00:00.000Z,3.1,0.93,2.07,1.46,2.1,2.28,2.5,1.27,2.05,2.4,1.63,1.5,2.4,0.59,1.44,2.5,4,2,1.42
2025-07-19T01:00:00.000Z,7.3,1.92,6.68,3.63,7.9,5.05,7,4.46,5.34,7.85,2.8,4.2,7.2,3.67,4.2,8.25,11.75,4.67,4.63
2025-07-19T03:00:00.000Z,5.1,1.19,4.69,2.7,5.35,3.17,4.35,2.86,3.4,4.4,1.9,2.9,5.4,0.83,3.13,5.85,7.83,3.53,2.55
2025-07-06T06:00:00.000Z,22.7,5.9,,13.65,21.95,14.35,,13.45,16.13,23.2,10.73,13.6,22.85,24,18.58,23.7,29,9.91,12.68
2025-07-09T08:00:00.000Z,3.2,1.23,3.78,1.95,4.75,3.2,,3.03,4.75,3.4,2.21,2.55,5.7,2.75,2.45,5.45,11.67,3.83,3.04
2025-07-10T02:00:00.000Z,4.7,1.13,4.43,1.92,4.3,2.3,,2.4,2.42,5,2.6,2,4.3,1.33,2.28,4.6,6,2.49,1.98
2025-07-11T05:00:00.000Z,10.4,2.15,4.89,3.7,15.95,,,3.1,5.03,10.7,4.34,8.2,16.5,6.17,3.88,15.65,14.83,3.53,3
2025-07-13T14:00:00.000Z,4,1.4,3.3,1.52,3.4,,,1.08,5.23,4.9,1.8,1.6,3.7,0.83,1.45,4,6.33,2.2,1.4
2025-07-08T14:00:00.000Z,1.2,0.65,1.5,0.9,2.35,1.42,,0.8,0.9,1.2,1.3,1.1,2.5,0.25,0.9,2.4,1.5,1.35,1.1
2025-07-10T22:00:00.000Z,11.35,3.41,5.03,3,11.5,6.29,,10.23,4.2,10.35,3.28,7.4,12.8,7.33,3.53,13.2,16.42,4.17,4.32
2025-07-13T08:00:00.000Z,13.65,3.53,7.93,4.35,15.4,,,5.97,13.15,13.4,5.9,10.5,16.9,13.17,5.7,17.75,20.5,6.29,4.82
2025-07-15T01:00:00.000Z,9.8,1.65,4.5,3.17,10.3,,,1.92,2.49,9,3.5,5.2,9.95,5,2.83,10.35,12,3.4,2.38
2025-07-16T06:00:00.000Z,18.9,4,12.78,5.68,20.5,,,10.75,12.02,17.5,6.1,11.9,19.85,22,6.23,21.05,26.42,11.34,6.5
2025-07-18T18:00:00.000Z,8.4,2.38,3.7,2.29,5.9,5.1,7.3,3.01,14.8,9,3.5,3.5,6.7,3.5,2.84,7,12.75,3.47,2.72
2025-07-05T10:00:00.000Z,7.05,2,,2.39,9.5,3.32,,1.9,4.85,8.9,3.2,5.85,9.5,7.17,2.23,10.3,11,3.34,2.74
2025-07-07T17:00:00.000Z,13.55,4.1,8.54,3.5,19,11.05,,4.6,5.5,19.1,4.03,3,19.1,21.25,4.07,20.3,20.25,4.9,5.58
2025-07-07T21:00:00.000Z,0.3,0.3,0.75,0.54,0.1,0.5,,0.45,0.5,0.1,0.6,0.1,0.1,,0.56,0.05,0.17,1,0.46
2025-07-12T04:00:00.000Z,5.7,1.6,5.45,2.33,7.4,,,2.5,3.03,7.1,2.28,4.5,8.1,4,2.38,8.5,10.17,3.4,3.08
2025-07-17T17:00:00.000Z,8.5,2.53,4.76,2.97,10.25,5.78,8.1,2.71,3.79,10,4,5.9,10.2,5.83,4.71,11.3,12.67,3.89,3.35
2025-07-07T12:00:00.000Z,7.9,2.05,3.86,2.47,8.8,4.9,,2.21,2.85,8.8,3.19,0.8,10,5.17,1.88,9.9,11.67,3.01,2.74
2025-07-09T01:00:00.000Z,0.9,0.5,2.09,0.9,0.7,1.02,,0.8,1.1,1.2,1.05,0.6,1.2,0.17,0.9,1.4,1.5,1.2,0.9
2025-07-10T18:00:00.000Z,3.6,1.3,2.78,1.66,5.1,3.22,,1.35,6.93,4.5,1.96,2.7,5.4,1.5,1.3,5.7,14.17,2.1,1.9
2025-07-15T10:00:00.000Z,14.35,3.26,5.48,3.3,14.5,,,2.9,4.28,13.7,4.88,9.6,15.75,15.33,3.1,15.6,21.83,4.34,3.75
2025-07-16T03:00:00.000Z,17.45,3.25,8.74,5.35,18.1,,,5.93,6.53,17.25,5.85,9.8,17.5,18.17,5.5,18.2,23.5,6.5,5.2
2025-07-16T23:00:00.000Z,15.8,3.81,8.81,4.75,18,,13.4,6.13,6.8,16.55,6.38,10.35,16.5,14.83,5.1,18.6,18.83,5.6,6.33
2025-07-05T17:00:00.000Z,6.5,1.1,,2.87,5.2,3.1,,2.1,3.37,4.7,1.75,2.65,5.1,3.17,2.6,5.8,8.17,3.81,2
2025-07-06T22:00:00.000Z,9,2.2,,3.7,9.75,0,,3.35,5,11.05,5.6,5.9,10.9,6.5,4.05,10.7,12.33,3.78,3.3
2025-07-08T21:00:00.000Z,2.1,1.72,1.85,0.81,1.1,1.33,,1.23,1.8,2.1,1.1,0.8,1.5,0.17,1.1,1.65,12.17,1.48,1.04
2025-07-10T00:00:00.000Z,7.6,1.7,5.1,2.08,5.75,3.5,,3.78,3.3,6.4,2.8,3,5.9,2.33,2.8,6.6,8.83,3.19,2.47
2025-07-13T00:00:00.000Z,5.2,1.13,3.1,1.67,4.4,,,2.08,1.7,4.4,1.98,2.2,4.5,1,1.67,4.7,7.33,2.09,1.5
2025-07-15T21:00:00.000Z,22.7,3.96,7.88,4.78,22.9,,,4.64,8.8,21.8,5.82,12.1,22.5,23.5,4.9,21.4,30.92,6.54,4.93
2025-07-17T09:00:00.000Z,17.8,6.34,10.72,6.1,25.2,,17.15,6.4,7.53,21.05,9.77,15.9,26.6,23,7.49,26,28.34,6.8,9.61
2025-07-06T14:00:00.000Z,21,4.41,,5.28,21.4,8.23,,5.2,8.74,21.6,6.53,13.4,22.3,22.5,5.63,24.55,25.42,7.03,6.19
2025-07-11T08:00:00.000Z,9.8,2.07,4.04,2.67,7.7,,,3.5,3.2,7.2,3.5,4.9,9.7,5.5,3.08,9.2,13.42,3.5,3.24
2025-07-07T08:00:00.000Z,14.1,2.41,7.65,4.1,11.45,0.1,,4.68,7.1,8.7,4.15,6.15,13.5,6.67,6.28,12.2,14.33,6.13,3.63
2025-07-07T16:00:00.000Z,8.2,1.9,3.63,2.34,6.8,5,,2.17,3.4,7.65,3,3.9,7.05,4.5,2.45,8.5,9.67,3.69,2.72
2025-07-16T08:00:00.000Z,20.45,4.57,8.59,5.2,20.8,,,6.38,7.15,17.3,6.77,12.5,21.95,22.5,5.32,21.65,27,7.47,6.9
2025-07-17T11:00:00.000Z,14.4,4.1,6.62,5.07,16.4,7.45,13.4,5.13,6.44,16.8,6.5,9.9,16.15,11.33,5.2,17.9,20.5,5.76,5.7
2025-07-06T02:00:00.000Z,16.9,2.65,,7.75,15.4,7.25,,6.07,7.43,14.6,7.15,9.2,15.75,10.59,9.52,16.5,16.83,5.84,4.63
2025-07-12T20:00:00.000Z,5.9,1.4,6.05,1.7,5.5,,,2,1.92,6,2.05,2.7,5.8,3.25,1.8,5.9,10.5,2.53,1.8
2025-07-13T18:00:00.000Z,6.7,1.4,4,2.09,6.6,,,2.08,2.97,5.8,2.4,3.45,6.85,4.5,13.18,6.8,9,2.9,1.85
2025-07-15T08:00:00.000Z,17.4,2.75,6.6,5.35,14.1,,,4.88,6.22,11.6,3.8,7.9,15.4,11.25,5.9,14.15,20.83,5.88,3.7
2025-07-07T06:00:00.000Z,16.1,7.92,10.16,5.2,26,0.1,,5.96,10.98,23.25,8.84,15.8,30.55,29.5,6.38,29.2,20.33,5.4,9.05
2025-07-09T15:00:00.000Z,2.2,0.95,2.89,1.1,3.4,2.9,,0.68,1,3.4,1.83,1.6,3.5,0.09,1,4.15,2,1.3,0.9
2025-07-15T13:00:00.000Z,11.5,2,4,3.35,10.25,,,2,2.95,11.15,3.17,5.7,11.3,6.33,2.7,11.3,13.83,3.35,2.38
2025-07-16T02:00:00.000Z,20.2,3.13,8.78,6.47,16.7,,,4.72,6.6,15.55,6.23,9.1,15.9,17.67,6.4,16.35,22.83,7,4.82
2025-07-17T23:00:00.000Z,6.3,1.41,4.04,2.4,5.2,2.9,4.3,2.8,3.7,5.4,2.32,2.5,4.6,1.17,2.7,5.15,7,3.4,2.05
2025-07-07T07:00:00.000Z,11.6,2.6,7.6,3.6,11.9,0.08,,5.38,8.93,10.1,4.25,6.75,14.3,10.5,5.15,13.4,17.59,6.1,5.3
2025-07-09T21:00:00.000Z,8.6,1.98,4.03,2.3,7.35,3.02,,3.34,2.1,7.95,3.42,3.5,7.2,3.5,2.1,7.5,9.83,3.25,2.26
2025-07-15T07:00:00.000Z,18.8,2.8,6.41,4.57,13.15,,,5.25,12.71,10.7,4.85,7.3,14.85,9.59,4.43,14.35,20,6.6,3.45
2025-07-08T06:00:00.000Z,2,0.65,1.7,0.9,1.2,0.8,,0.63,1,1.05,1.08,0.4,1.45,,1,1.3,2.17,1.39,0.96
2025-07-06T20:00:00.000Z,9.65,2.19,,3.46,9,0,,2.58,13,9.85,5.86,5,9,7.33,3.4,9.65,13.17,4.55,3.3
2025-07-07T00:00:00.000Z,7.8,1.73,,5.22,9.65,0,,6.44,10.5,8.4,4.14,4.8,9.6,3.67,7.1,9.7,9,5,2.67
2025-07-07T03:00:00.000Z,21.8,7.43,,8.25,29.2,0,,10.38,14.35,26.75,20.08,17.05,31.5,24.42,13.82,30.25,29.59,8.24,13.98
2025-07-07T22:00:00.000Z,0.3,0.3,0.93,0.5,0.05,0.3,,0.3,2.92,0.1,0.6,0.1,0.1,0.09,0.5,0.1,0.17,0.97,0.4
2025-07-10T01:00:00.000Z,5.8,1.2,4.38,2.17,4.8,2.38,,2.32,2.62,5.2,2.7,2.4,4.8,1.83,3.1,5.3,6.83,2.4,1.98
2025-07-17T02:00:00.000Z,13.35,3.15,8.82,4.42,17.4,,12,5.15,6.28,15.5,5.4,9.8,17.3,13.67,4.8,17.85,18.17,5.67,5.23
2025-07-06T09:00:00.000Z,17.5,4.03,,5.34,17,7.85,,7.78,8.63,15.35,6.73,10.6,18.7,18.67,5.74,18.6,23.42,7.72,7.1
2025-07-09T20:00:00.000Z,6.55,1.42,3.97,2,5.9,4.03,,6.9,1.65,6.6,3.3,2.1,5.45,4.67,2.1,5.4,10.67,2.13,2.13
2025-07-10T20:00:00.000Z,7.7,2.28,4.19,2.16,7.1,4.35,,7.32,3.57,8.1,3.29,4.2,7.8,5.17,2.1,8,11,3.25,2.92
2025-07-15T19:00:00.000Z,18.4,3.7,6.47,3.94,17.5,,,4.4,4.88,16.5,4.28,9.1,16.9,21.5,3.95,15.8,33.75,5.49,4
2025-07-18T19:00:00.000Z,8.8,2.5,3.83,2.83,5.7,5.1,8.9,2.9,3.22,6.8,4.47,3.45,6.6,3.33,3.67,6.8,13.75,3.16,2.4
2025-07-09T18:00:00.000Z,1.85,0.79,2.78,1.1,1.1,2,,0.98,1.3,2.2,1.3,0.6,1.5,0.67,1,1.55,4.5,1.33,1.1
2025-07-09T13:00:00.000Z,1.2,0.7,1.55,0.9,1.3,3.1,,0.84,1.02,1.6,1.15,0.9,1.6,0.17,0.9,1.7,2,1.2,0.9
2025-07-11T16:00:00.000Z,4.55,1.1,2.78,1.5,3.6,,,1.4,1.8,4.1,1.8,1.4,3.6,1.67,1.5,4.9,7.25,2.2,1.6
2025-07-11T17:00:00.000Z,4.55,1.14,3.05,1.4,4.1,,,1.32,1.73,4.6,2.08,1.9,3.95,2.09,1.4,4.8,7.83,2.1,1.59
2025-07-14T12:00:00.000Z,10.7,1.92,4.37,3.2,13,,,2.4,4.59,11.2,3,6,12.7,6.67,3,11.8,17.83,4.47,2.73
2025-07-14T23:00:00.000Z,8.9,1.58,4.4,2.72,10.15,,,1.85,2.6,8.4,3.2,4.6,9.4,4.5,2.47,9.3,12.33,3.2,2.3
2025-07-17T00:00:00.000Z,14.2,3.95,8.57,4.68,18.4,,13.2,6.06,6.72,16.6,6,10.6,17.3,15,5.1,18.6,18.92,5.7,5.89
2025-07-17T18:00:00.000Z,9.7,2.4,4.67,3,9.85,5.16,8.6,3.08,4.18,10,3.8,5.7,10.3,6.17,7.05,10.8,12.83,4.05,3.25
2025-07-08T05:00:00.000Z,3.45,0.87,2.57,1.75,2.2,1.75,,1.5,2.03,1.6,1.45,1,2.4,0.34,2.05,2.4,4.17,1.95,1.3
2025-07-18T22:00:00.000Z,9.35,2,4.32,2.65,8.5,3.73,7.2,2.97,4.21,9.05,4.3,4.5,8.7,4.67,2.97,8.7,10.67,3.5,3.1
2025-07-12T09:00:00.000Z,7.5,1.6,3.92,2.17,6.4,,,2.75,3.95,5.7,2.8,4,7.05,3.17,2.88,7.1,9.67,3.45,2.15
2025-07-13T23:00:00.000Z,11.1,2,6.72,2.35,13.35,,,1.58,2.04,11.35,3.86,7.3,13.3,8.67,2.2,13.55,13,3.13,3.55
2025-07-16T09:00:00.000Z,20.4,4,8.17,4.97,17.65,,,5.03,7.43,15.65,4.82,11.45,17.8,18.83,5.49,19.2,24,7.14,6.04
2025-07-17T19:00:00.000Z,10.55,2.58,5.23,3.2,11.1,5.44,11.8,3.53,4.2,10.8,3.88,6,10.9,9.5,11.48,11.3,12.83,4.45,3.35
2025-07-18T09:00:00.000Z,3.4,1.09,2.29,1.5,2.45,2.21,2.6,1.27,2.17,2.7,1.85,1.7,2.7,0.67,1.38,3.1,4.59,1.95,1.4
2025-07-18T17:00:00.000Z,7.55,1.9,4.13,2.2,5.1,4.93,6.2,2.78,3.1,7.2,3.12,0.3,5,2.67,2.78,6,10.92,3.18,2.66
2025-07-05T21:00:00.000Z,13.3,2.83,,4.22,15.3,5.53,,3.3,4.32,14.6,4.43,8.25,15.35,12.5,3.9,15.4,18.5,4.79,3.83
2025-07-10T17:00:00.000Z,3.1,1.02,2.39,1.52,3.5,3.15,,1.3,1.6,3.4,1.8,1.3,3.35,0.5,1.52,4.1,6.83,1.8,1.49
2025-07-14T10:00:00.000Z,11.2,2.08,3.73,3.01,12.2,,,2.6,4.45,8.95,3.22,6.4,11.7,7.5,3.13,11.35,16.17,3.91,2.3
2025-07-17T20:00:00.000Z,10.7,2.55,5.68,3.3,12.3,5.13,10.25,3.92,4.22,12.3,4.39,7.05,12.85,16.5,40.8,12.95,13,4.29,3.6
2025-07-08T07:00:00.000Z,0.9,0.46,1.4,0.6,0.4,0.79,,0.5,0.6,0.4,0.8,0.2,0.6,0.09,0.6,0.65,1.67,1.1,0.73
2025-07-16T13:00:00.000Z,17.5,3.25,5.8,4.4,16.7,,15.6,3.63,5.55,17.85,5.12,9.75,17.7,16.33,4.04,18.25,22,5.99,18.84
2025-07-13T11:00:00.000Z,9.3,2.1,5.02,2.5,11.8,,,2.33,3.51,10.7,3.33,7.3,12.3,9.33,2.6,13,15.83,3.7,2.84
2025-07-09T07:00:00.000Z,7.3,2.01,4,2.65,7.9,4.2,,3.76,4.95,7.4,2.5,4.4,10,3,3.42,8.45,11.83,3.7,3.15
2025-07-15T14:00:00.000Z,13,1.94,3.98,3.2,10,,,2.3,3.1,10.05,3.53,5.4,11.1,6,2.63,11.9,13.33,4.04,2.22
2025-07-08T13:00:00.000Z,1,0.7,1.4,1,0.85,1.13,,1.05,1.2,1,1.19,0.55,1.1,,0.98,1.4,1.67,1.38,1
2025-07-06T07:00:00.000Z,24.25,6.68,,11.42,25.3,15.29,,12.93,15.32,21.2,11.55,15.25,26.1,23.67,15.3,26.4,29.5,10.82,9.73
2025-07-11T11:00:00.000Z,11.7,3.09,5.61,3.72,9.9,,,6.15,7.65,9.5,5.2,5.9,10.7,5.33,5.5,10.55,14.42,4.89,4.5
2025-07-16T22:00:00.000Z,19.6,4.63,9.76,4.97,26.1,,17.7,6.7,7.25,22.7,7.4,15.3,24.3,23.17,5.53,26.65,23.83,6.97,7.95
2025-07-05T12:00:00.000Z,6.4,1.65,,2.1,8.95,3.92,,1.55,2.5,8.7,2.97,4.8,8,5.09,2,9.15,9.67,2.7,2.26
2025-07-14T03:00:00.000Z,14.6,1.73,4.98,5.13,11.2,,,2.63,2.15,9,4,6.15,11.7,4.83,4.95,11.5,10.33,3,2
2025-07-15T04:00:00.000Z,10,2,5.95,3.6,13.75,,,2.5,2.91,12,4.82,7.55,13.8,8.67,3.05,14.05,15.17,4.2,3.33
2025-07-17T15:00:00.000Z,9.85,2.72,5.31,3.3,10.7,7.98,8.3,3.25,4,11.3,4.42,6.4,10.6,6.67,3.4,12.8,11.5,4.1,3.74
2025-07-19T02:00:00.000Z,5.5,1.42,5.7,3.03,6.4,3.92,5.5,3.35,4.18,5.1,2.28,3.6,6.2,1.5,3.75,6.9,9,4.18,2.84
2025-07-11T19:00:00.000Z,2.6,1.02,2.33,1.27,2.5,,,1.4,1.4,3.4,1.82,1.1,2.75,0.5,1.35,2.95,4.92,1.7,1.23
2025-07-09T11:00:00.000Z,3.9,1.08,2.4,1.38,1.3,2.7,,1.65,2.37,1.9,1.55,0.85,1.2,0.67,1.75,1.8,6.17,2.19,1.42
2025-07-11T04:00:00.000Z,9.9,2.08,4.67,3.2,9.6,3.55,,2.79,3.8,9.55,3.8,5.4,10.5,7.67,3.47,10.8,15.33,3.47,3.1
2025-07-13T16:00:00.000Z,6.2,1.4,3.65,1.9,6.8,,,1.7,2.78,6.6,2.35,3.6,5.6,3.67,2,6.8,8.67,3.15,1.84
2025-07-15T18:00:00.000Z,17.3,2.92,5.69,3.88,17.7,,,3.59,4.32,16.3,4.1,8.4,16.2,17.42,3.6,15.5,27.42,4.97,3.69
2025-07-08T22:00:00.000Z,1.7,0.73,1.9,1.23,1.2,1.34,,1.2,1.33,1.9,1.52,0.8,1.5,0.09,1.2,1.8,2.83,1.6,1.1
2025-07-15T12:00:00.000Z,12.3,2.28,4.3,3.13,11.05,,,2.36,3.13,11.6,3.29,6.4,12,6.5,2.77,11.35,16.42,3.9,2.47
2025-07-13T20:00:00.000Z,8.9,1.67,5.05,2.47,9.15,,,2.4,4.94,8.55,3.07,4.8,9.5,5.67,8.52,9.2,11.83,3.83,2.38
2025-07-09T10:00:00.000Z,1.7,0.7,3.04,1.44,1.3,1.54,,2.46,4,1.4,1.2,0.8,1.65,0.5,1.8,1.8,2.5,2.9,0.93
2025-07-12T19:00:00.000Z,7.1,1.6,4,1.9,5.3,,,1.68,2.09,7.15,2.05,2.65,5.7,3.42,1.87,5.8,10,2.38,1.8
2025-07-08T11:00:00.000Z,1,0.59,0.99,0.8,0.3,0.9,,0.5,0.7,0.5,0.85,0.2,0.35,0.25,0.7,0.35,1.5,1.15,0.6
2025-07-16T18:00:00.000Z,14.7,3.69,6.27,3.95,14.05,,13.25,3.88,4.88,15.4,4.65,7.5,14.85,9.33,4.3,14.6,19.83,4.9,3.89
2025-07-08T00:00:00.000Z,0.2,0.3,0.99,0.5,0.25,0.32,,0.3,0.38,0.25,0.63,0.2,0.2,,0.4,0.3,0.17,0.8,0.4
2025-07-09T16:00:00.000Z,1.4,0.7,2.47,1,2.3,2.79,,0.81,0.93,2.6,1.52,1,2.2,0.33,0.87,2.85,3.5,1.3,0.9
2025-07-11T02:00:00.000Z,10.2,2.38,5.1,3.03,11.8,4.2,,4.2,3.78,11.6,3.4,6.55,12.4,7.75,3.2,12.9,14.33,4.09,3.22
2025-07-11T09:00:00.000Z,9.8,2.9,4.32,3.08,8.7,,,3.7,4.15,8.25,5.1,6,10.45,4.67,3.58,10,13.5,3.04,3.5
2025-07-12T08:00:00.000Z,5.4,1.55,3.64,2,6.2,,,2.13,3.76,4.95,2.71,3.6,7,2.67,2.38,7,9,3.3,2.1
2025-07-15T20:00:00.000Z,21,3.45,6.78,4.07,21.6,,,4.18,6.34,19.05,4.98,11.5,20.65,22.59,4.32,21.3,31.33,5.6,4.47
2025-07-16T21:00:00.000Z,19.3,4.3,8.18,4.5,21.5,,17.45,5.57,11.6,19.6,6.65,12.1,21,22.59,5.19,21.9,25.33,6.74,6.05
2025-07-05T18:00:00.000Z,10.8,1.7,,3.17,7.6,4.84,,2.58,8.7,7.75,2.65,4.4,8.6,6.67,2.91,8.8,14,3.8,2.58
2025-07-10T14:00:00.000Z,3,1.3,4.39,1.33,3.85,4.3,,1.63,2.1,4.3,2.33,1.8,4.1,0.5,1.6,4.9,4.17,2.08,1.9
2025-07-18T11:00:00.000Z,2.8,1.05,2.09,1.5,1.7,2.4,2.6,1.2,2.5,2.6,1.74,1.3,2.1,0.25,1.3,2.2,4.33,1.8,1.4
2025-07-19T06:00:00.000Z,4.2,1.27,4.2,3.03,4.2,2.97,4.35,2.69,2.7,3.6,1.92,0.2,4.1,0.75,3.03,4.2,7.33,3.28,2.32
2025-07-07T11:00:00.000Z,8.9,2.62,4.3,2.82,11.65,5.53,,2.75,3.54,11.7,3.78,1,12.2,7.92,2.83,12.4,17,3.8,3.55
2025-07-09T12:00:00.000Z,2.1,0.9,2.45,0.98,3.5,3,,1.1,1.7,2.8,1.3,1.65,3.5,0.83,1,3.7,4.5,1.6,1.6
2025-07-10T11:00:00.000Z,8.5,3.45,6.69,1.98,9.3,6.2,,6,6.88,9.8,4.57,5.1,10.05,4.33,4.54,10,12.33,4.75,4.78
2025-07-14T09:00:00.000Z,12.5,2.2,5.14,3.45,13.1,,,3.95,6.52,9.9,3.7,7,12.55,7.33,4.55,12.3,18.34,5.07,2.89
2025-07-17T14:00:00.000Z,12,3.09,6.02,3.78,11.1,9.32,10.2,3.83,4.8,12.4,4.63,6.85,11.1,6.5,3.85,13.35,14.09,4.75,4.25
2025-07-08T12:00:00.000Z,0.5,0.4,1,0.7,0.25,0.98,,0.55,0.5,0.55,0.6,0.45,0.6,,0.52,0.2,1,0.95,0.51
2025-07-11T23:00:00.000Z,8.5,2.35,4.9,2.38,11.6,,,3.1,3,11.7,4.15,7.6,11.95,6.5,2.85,13.4,12,3.45,3.57
2025-07-13T09:00:00.000Z,10.4,2.8,6.92,3.35,14.7,,,3.88,5.8,11.6,4.6,9.9,15.75,8.59,3.94,17,16,4.8,3.53
2025-07-14T14:00:00.000Z,9.6,1.8,3.1,2.55,12.3,,,1.79,2.75,10.95,2.9,5.15,11,5.33,2.01,12.2,12.5,3.6,2.12
2025-07-17T22:00:00.000Z,8.5,2.1,13.05,2.53,9.6,4.5,7,2.83,3.05,9.2,3.4,5.4,8.65,4.83,2.45,10.1,11.42,3.8,3.5
2025-07-18T00:00:00.000Z,3.6,0.98,3.2,1.8,4.1,2,3,1.52,2.3,4,1.9,2,3.7,0.5,1.65,4.2,5,2.2,1.63
2025-07-18T04:00:00.000Z,2.95,1.38,3.9,1.3,8.6,2.07,3.8,1.33,1.88,7.4,2.63,4.5,8.45,4,1.4,8.75,6.33,2.15,2.35
2025-07-10T23:00:00.000Z,11.1,3.15,5.85,3.46,10,5.63,,6.4,5.47,11.75,3.8,6.1,11.35,7.83,4.3,11.6,14.5,4.52,3.64
2025-07-08T20:00:00.000Z,1.75,1.05,1.37,0.6,0.55,1.1,,1.23,1.15,0.7,0.8,0.3,0.8,0.5,0.6,0.8,4,1.3,0.88
2025-07-14T08:00:00.000Z,17,2.86,10.9,4.54,13.4,,,6.93,11.35,11.2,3.5,6.7,14.25,11,6.62,13.3,21.75,8.85,4.25
2025-07-15T02:00:00.000Z,9.65,1.63,4.79,2.97,12.35,,,1.91,2.5,9.3,3.42,6,11.35,5.33,2.6,12,11.67,3.32,2.32
2025-07-17T12:00:00.000Z,12.6,3.4,6.44,4.45,13.85,8.2,10.8,4.5,6.18,13.95,5.23,8.2,13.9,9,4.43,15.2,18.59,5.2,4.47
2025-07-18T03:00:00.000Z,3,0.9,2.9,1.4,4.8,1.85,2.5,1.3,1.9,4.3,1.85,2.1,4.2,0.5,1.4,4.6,4,2.09,1.48
2025-07-06T00:00:00.000Z,15.05,3,,7,22.5,6.03,,5.47,7.88,20.45,5.63,13.6,23.95,23.75,6.1,24.25,22.84,5.26,8.37
2025-07-11T20:00:00.000Z,3.25,1.05,2.71,1.29,2.8,,,1.27,1.5,3.9,1.7,1.4,3.3,0.67,1.52,3.2,5.67,1.8,1.42
2025-07-13T10:00:00.000Z,8.8,2.4,5.92,2.78,12,,,2.95,4.22,10.1,3.22,8.5,13.4,7.33,3.22,13.8,14.5,4.06,2.72
2025-07-14T13:00:00.000Z,9.65,1.7,3.97,2.86,10.9,,,2.13,2.9,9.6,2.7,4.9,10.3,5.33,2.3,10.75,14.17,3.84,2.35
2025-07-18T20:00:00.000Z,8.7,2.01,3.9,2.97,6.3,5.7,7.95,2.7,3.2,7.1,4.97,3.6,7.35,4,4.03,7.7,10.67,3.41,2.55
2025-07-10T15:00:00.000Z,3.4,1.23,2.55,1.3,3.1,4.03,,1.5,1.58,3.4,2.1,1.1,3.2,0.42,1.54,3.7,4,1.8,1.5
2025-07-07T01:00:00.000Z,15.9,3.28,,6.2,10.6,0.1,,8.32,15.17,9.35,12.38,5.5,10.7,4.92,8.05,11.1,19.75,7.8,7
2025-07-18T13:00:00.000Z,3.45,1.33,2.74,1.65,3.7,4.95,3.4,1.2,1.79,4.5,2.5,2,3.8,2.5,1.57,3.9,5.83,2.16,1.69
2025-07-05T15:00:00.000Z,3.25,1,,1.77,4.4,3.22,,1.38,2,4.9,1.8,2.5,4.35,1.5,1.44,5.4,5.5,2.38,1.6
2025-07-13T03:00:00.000Z,4.95,1.09,3.67,1.58,4.2,,,1.59,2.17,4.4,2.03,2.05,4.45,1.33,1.6,4.7,7,2.34,1.6
2025-07-18T08:00:00.000Z,3.4,1.2,2.28,1.38,2.5,2.25,2.6,1.2,2.63,2.6,1.64,1.5,2.7,0.33,1.38,2.9,4.33,2.02,1.4
2025-07-09T19:00:00.000Z,2.35,1,3.1,1.4,1.85,2.5,,4.56,1.55,4.3,2.05,0.9,2.15,0.5,1.55,2.2,7.33,1.69,1.39
2025-07-10T05:00:00.000Z,4.6,1.44,4.01,2.13,4.95,2.5,,1.45,2.15,4.6,2.1,2.6,5.3,2.5,2.22,5.5,7.5,2.12,2.04
2025-07-11T06:00:00.000Z,7.6,2.2,4.72,2.38,13.6,,,2.63,6.36,9.1,4.32,7.4,15.9,5.83,2.78,14.9,13.67,3.44,2.93
2025-07-18T06:00:00.000Z,4,1.38,3.23,1.5,4.75,2.3,3.3,1.6,2.22,4.5,2.17,2.5,4.9,2.33,1.6,5.1,6.5,2.3,2.01
2025-07-12T14:00:00.000Z,,1.2,3.2,1.75,3.65,,,1.38,1.98,4.5,1.94,1.9,3.9,1.25,1.63,4.8,6.67,2.4,1.5
2025-07-06T12:00:00.000Z,19.8,4.63,,5.25,23.5,8.45,,6.7,9.65,21.6,5.37,15.4,25.4,23.09,6.77,26.05,27.67,8.13,6.88
2025-07-10T16:00:00.000Z,3.2,1.1,2.5,1.38,3.5,3.55,,1.58,1.5,3.8,2,1.4,3.35,0.42,1.5,4.1,5.33,1.8,1.38
2025-07-10T19:00:00.000Z,6.3,1.67,3.05,1.88,6.1,4.49,,1.87,14.65,6.35,2.55,3.4,6.7,4.59,1.6,6.8,9.67,2.59,2.51
2025-07-11T12:00:00.000Z,8.75,2.45,6.07,3.42,8.4,,,4.04,5.4,8.9,4.7,4.2,9,5.09,4.53,8.6,14,4.65,4.2
2025-07-12T11:00:00.000Z,9.1,2.04,4.22,2.38,7.15,,,3.1,4.63,8.1,3.24,4.65,8.7,4.17,3,8.45,13.33,3.6,2.71
2025-07-18T16:00:00.000Z,5.6,1.8,3.69,1.91,4.9,5.78,5.3,2.08,2.36,6.2,3,0.3,5.1,1.67,2.5,6.3,7.83,3,2.2
2025-07-06T15:00:00.000Z,19.4,3.39,,5.24,11.05,7.87,,4.82,7.65,10.6,3.48,5.1,9.6,21.5,5.8,11.2,24.67,6.66,6.07
2025-07-05T22:00:00.000Z,13.7,2.72,,4.13,18,5.63,,3.85,5.2,16.5,6.09,9.45,16.9,18.5,4.03,17.8,18.17,4.76,4.15
2025-07-05T23:00:00.000Z,14.9,2.8,,4.57,18.1,5.17,,4.05,5.4,16.8,4.72,10.6,19.1,18.75,4.5,19.5,17,5.1,4
2025-07-09T17:00:00.000Z,1.4,0.7,2.79,0.98,1.4,2.3,,0.8,1,1.8,1.3,0.8,1.4,0,0.93,1.9,5.5,1.38,0.94
2025-07-13T15:00:00.000Z,5.2,1.3,3.22,1.92,5.5,,,1.48,2.15,6.1,1.77,2.75,5.35,1.83,1.73,5.7,7,2.7,1.6
2025-07-14T15:00:00.000Z,10.05,1.8,3.35,2.6,11.85,,,1.6,2.35,10.6,2.72,4.9,11.05,6.59,2.2,12.05,12.5,3.45,2.33
2025-07-16T14:00:00.000Z,16.6,3.4,6.14,4.22,16.6,,15.05,3.71,5.38,17.55,5.03,9.3,17.7,14.33,4.15,19.75,20.33,5.69,4.15
2025-07-18T15:00:00.000Z,5.55,1.56,3.15,1.73,4.6,5.79,4.9,2.32,2.4,5.7,2.95,2.7,5,1.33,1.97,5.95,5.33,2.8,2.09
2025-07-05T19:00:00.000Z,10.85,2.35,,3.18,10.15,4.45,,2.65,4.95,13,3.8,5.7,11.6,6.83,3.2,10.7,18.17,3.84,3
2025-07-13T21:00:00.000Z,,1.55,6.98,2.98,12.45,,,2.4,3.1,9.8,3.6,5.8,11.7,6.17,8.07,10.85,12.83,5.5,2.5
2025-07-07T15:00:00.000Z,4.2,1.27,1.9,1.6,2.95,4.35,,1.17,1.98,3,1.8,0.2,3.5,0.59,1.4,4.2,3.33,2.38,1.23
2025-07-11T14:00:00.000Z,5.3,1.27,3.22,1.8,4.4,,,1.4,2,5.1,2.3,1.8,4.5,1.17,1.8,5.6,6.17,2.3,1.62
2025-07-13T02:00:00.000Z,5.7,1.02,3.2,1.6,4,,,1.38,1.84,4.2,1.95,2,4.1,0.83,1.59,4.7,7,2.25,1.51
2025-07-14T01:00:00.000Z,6.1,1.5,4.07,2.1,12.4,,,1.41,1.88,11.5,3.17,6.9,12.9,7,1.92,12.8,9,2.3,1.9
2025-07-14T06:00:00.000Z,24.05,2.7,9.05,6.82,15,,,9.35,12.34,10.8,5.68,7.6,15.6,7.25,8.7,14.5,16.25,9.02,3.3
2025-07-15T15:00:00.000Z,13.1,2.33,4.35,3.3,10.5,,,2.28,3.3,13.05,3.43,5.9,11.8,7.17,2.9,12.55,15.33,4.6,2.63
2025-07-16T16:00:00.000Z,13.35,3.2,6.12,3.63,15,,11.9,3.55,4.78,15.2,4.9,7.7,15.9,13.92,3.7,16.9,18,4.97,4.4
2025-07-05T09:00:00.000Z,5.8,1.63,,2.13,9.3,3.1,,1.7,5.78,8.1,2.96,5.35,8.4,5.5,2.1,9.9,9,2.6,2.55