id_bollettino,id_stazione,id_inquinante,valore
1,1,4,32.0
1,1,5,0.9
1,2,2,66.0
1,2,3,62.0
1,2,4,41.0
1,2,5,1.2
1,2,7,2.3
1,3,1,0.0
1,3,2,57.0
1,3,3,48.0
1,3,4,26.0
1,3,6,0.0
1,3,7,2.7
1,4,2,58.0
1,4,3,53.0
1,4,4,39.0
1,4,5,1.0
1,4,7,1.9
1,5,2,47.0
1,5,4,38.0
1,5,6,6.0
2,1,4,40.0
2,1,5,0.9
2,2,2,29.0
2,2,3,27.0
2,2,4,49.0
2,2,5,1.4
2,2,7,2.5
2,3,1,0.0
2,3,2,25.0
2,3,3,21.0
2,3,4,35.0
2,3,6,0.0
2,3,7,2.5
2,4,2,29.0
2,4,3,24.0
2,4,4,42.0
2,4,5,1.0
2,4,7,1.7
2,5,2,18.0
2,5,4,43.0
2,5,6,7.0
3,1,4,39.0
3,1,5,0.9
3,2,2,19.0
3,2,3,17.0
3,2,4,51.0
3,2,5,1.3
3,2,7,2.5
3,3,1,0.0
3,3,2,17.0
3,3,3,14.0
3,3,4,27.0
3,3,6,0.0
3,3,7,2.1
3,4,2,17.0
3,4,3,14.0
3,4,4,40.0
3,4,5,0.9
3,4,7,1.5
3,5,2,11.0
3,5,4,38.0
3,5,6,0.0
4,1,4,47.0
4,1,5,1.0
4,2,2,28.0
4,2,3,23.0
4,2,4,52.0
4,2,5,1.3
4,2,7,2.2
4,3,1,0.0
4,3,2,27.0
4,3,3,21.0
4,3,4,35.0
4,3,6,11.0
4,3,7,2.3
4,4,2,33.0
4,4,3,23.0
4,4,4,45.0
4,4,5,0.9
4,4,7,1.4
4,5,2,19.0
4,5,4,41.0
4,5,6,14.0
5,1,4,43.0
5,1,5,0.8
5,2,2,27.0
5,2,3,25.0
5,2,4,50.0
5,2,5,1.2
5,2,7,1.9
5,3,1,0.0
5,3,2,22.0
5,3,3,16.0
5,3,4,32.0
5,3,6,11.0
5,3,7,1.5
5,4,2,25.0
5,4,3,20.0
5,4,4,42.0
5,4,5,0.7
5,4,7,1.3
5,5,2,15.0
5,5,4,40.0
5,5,6,12.0
6,1,4,68.0
6,1,5,0.9
6,2,2,12.0
6,2,3,11.0
6,2,4,58.0
6,2,5,1.2
6,2,7,1.4
6,3,1,0.0
6,3,2,12.0
6,3,3,9.0
6,3,4,52.0
6,3,6,66.0
6,3,7,1.6
6,4,2,18.0
6,4,3,10.0
6,4,4,69.0
6,4,5,0.8
6,4,7,1.2
6,5,2,11.0
6,5,4,58.0
6,5,6,54.0
7,1,4,103.0
7,1,5,1.3
7,2,2,9.0
7,2,3,4.0
7,2,4,95.0
7,2,5,1.0
7,2,7,1.3
7,3,1,0.0
7,3,2,13.0
7,3,3,6.0
7,3,4,78.0
7,3,6,69.0
7,3,7,1.6
7,4,2,16.0
7,4,3,9.0
7,4,4,95.0
7,4,5,1.0
7,4,7,1.2
7,5,2,14.0
7,5,4,97.0
7,5,6,57.0
8,1,4,93.0
8,1,5,1.5
8,2,2,44.0
8,2,3,29.0
8,2,4,110.0
8,2,5,1.4
8,2,7,3.5
8,3,1,8.0
8,3,2,44.0
8,3,3,28.0
8,3,4,81.0
8,3,6,7.0
8,3,7,3.5
8,4,2,51.0
8,4,3,34.0
8,4,4,95.0
8,4,5,1.2
8,4,7,2.0
8,5,2,37.0
8,5,4,95.0
8,5,6,5.0
9,1,4,103.0
9,1,5,1.7
9,2,2,57.0
9,2,3,43.0
9,2,4,104.0
9,2,5,1.6
9,2,7,4.0
9,3,1,11.0
9,3,2,56.0
9,3,3,40.0
9,3,4,95.0
9,3,6,6.0
9,3,7,4.7
9,4,2,71.0
9,4,3,48.0
9,4,4,107.0
9,4,5,1.4
9,4,7,2.4
9,5,2,49.0
9,5,4,117.0
9,5,6,8.0
10,1,4,67.0
10,1,5,1.2
10,2,2,57.0
10,2,3,50.0
10,2,4,74.0
10,2,5,1.2
10,2,7,2.8
10,3,1,0.0
10,3,2,56.0
10,3,3,43.0
10,3,4,53.0
10,3,6,5.0
10,3,7,3.0
10,4,2,57.0
10,4,3,48.0
10,4,4,66.0
10,4,5,0.9
10,4,7,1.6
10,5,2,42.0
10,5,4,64.0
10,5,6,6.0
11,1,4,61.0
11,1,5,1.4
11,2,2,45.0
11,2,3,39.0
11,2,4,81.0
11,2,5,1.1
11,2,7,2.6
11,3,1,0.0
11,3,2,41.0
11,3,3,27.0
11,3,4,46.0
11,3,6,15.0
11,3,7,2.2
11,4,2,52.0
11,4,3,38.0
11,4,4,76.0
11,4,5,1.0
11,4,7,1.4
11,5,2,37.0
11,5,4,79.0
11,5,6,17.0
12,1,4,61.0
12,1,5,1.3
12,2,2,31.0
12,2,3,26.0
12,2,4,65.0
12,2,5,1.0
12,2,7,2.3
12,3,1,0.0
12,3,2,24.0
12,3,3,19.0
12,3,4,45.0
12,3,6,17.0
12,3,7,1.9
12,4,2,34.0
12,4,3,26.0
12,4,4,61.0
12,4,5,0.8
12,5,2,20.0
12,5,4,58.0
12,5,6,16.0
13,1,4,69.0
13,1,5,1.0
13,2,2,32.0
13,2,3,29.0
13,2,4,74.0
13,2,5,1.0
13,2,7,2.4
13,3,1,0.0
13,3,2,33.0
13,3,3,26.0
13,3,4,54.0
13,3,6,19.0
13,3,7,2.3
13,4,2,41.0
13,4,3,32.0
13,4,4,67.0
13,4,5,1.0
13,5,2,30.0
13,5,4,65.0
13,5,6,21.0
14,1,4,72.0
14,1,5,1.0
14,2,2,20.0
14,2,3,18.0
14,2,4,81.0
14,2,5,1.0
14,2,7,1.8
14,3,1,0.0
14,3,2,17.0
14,3,3,14.0
14,3,4,53.0
14,3,6,50.0
14,3,7,1.4
14,4,2,22.0
14,4,3,19.0
14,4,4,70.0
14,4,5,1.0
14,5,2,14.0
14,5,4,70.0
14,5,6,43.0
15,1,4,75.0
15,1,5,1.0
15,2,2,30.0
15,2,3,21.0
15,2,4,77.0
15,2,5,1.0
15,2,7,2.2
15,3,1,0.0
15,3,2,27.0
15,3,3,21.0
15,3,4,60.0
15,3,6,39.0
15,3,7,2.1
15,4,2,32.0
15,4,3,23.0
15,4,4,71.0
15,4,5,1.0
15,5,2,22.0
15,5,4,73.0
15,5,6,37.0
16,1,4,86.0
16,1,5,1.4
16,2,2,46.0
16,2,3,30.0
16,2,4,94.0
16,2,5,1.8
16,2,7,3.1
16,3,1,5.0
16,3,2,47.0
16,3,3,31.0
16,3,4,81.0
16,3,6,10.0
16,3,7,3.1
16,4,2,54.0
16,4,3,35.0
16,4,4,85.0
16,4,5,1.3
16,5,2,35.0
16,5,4,83.0
16,5,6,15.0
17,1,4,98.0
17,1,5,1.4
17,2,2,33.0
17,2,3,23.0
17,2,4,88.0
17,2,5,1.9
17,2,7,2.7
17,3,1,0.0
17,3,2,23.0
17,3,3,14.0
17,3,4,67.0
17,3,6,30.0
17,3,7,2.4
17,4,4,75.0
17,4,5,1.4
17,5,2,19.0
17,5,4,72.0
17,5,6,35.0
18,2,2,40.0
18,2,3,28.0
18,2,4,96.0
18,2,5,1.9
18,2,7,2.9
18,3,1,0.0
18,3,2,33.0
18,3,3,23.0
18,3,4,62.0
18,3,6,42.0
18,3,7,2.9
18,4,4,72.0
18,4,5,1.0
18,4,7,1.8
18,5,2,23.0
18,5,4,73.0
18,5,6,40.0
19,2,2,44.0
19,2,3,32.0
19,2,4,87.0
19,2,5,2.1
19,2,7,3.2
19,3,1,0.0
19,3,2,35.0
19,3,3,25.0
19,3,4,70.0
19,3,6,40.0
19,3,7,2.6
19,4,4,73.0
19,4,5,1.0
19,4,7,1.7
19,5,2,28.0
19,5,4,70.0
19,5,6,35.0
20,2,2,41.0
20,2,3,35.0
20,2,4,83.0
20,2,5,1.8
20,2,7,2.5
20,3,1,6.0
20,3,2,40.0
20,3,3,31.0
20,3,4,57.0
20,3,6,50.0
20,3,7,2.4
20,4,2,44.0
20,4,3,34.0
20,4,4,82.0
20,4,5,1.1
20,4,7,1.8
20,5,2,33.0
20,5,4,71.0
20,5,6,52.0
21,1,4,83.0
21,2,2,54.0
21,2,3,41.0
21,2,4,93.0
21,2,5,2.1
21,2,7,2.9
21,3,1,6.0
21,3,2,49.0
21,3,3,34.0
21,3,4,91.0
21,3,6,55.0
21,3,7,2.8
21,4,2,55.0
21,4,3,40.0
21,4,4,92.0
21,4,5,1.2
21,4,7,2.0
21,5,2,37.0
21,5,4,76.0
21,5,6,53.0
22,2,2,69.0
22,2,3,55.0
22,2,4,102.0
22,2,5,2.0
22,2,7,3.2
22,3,1,5.0
22,3,2,71.0
22,3,3,50.0
22,3,4,81.0
22,3,6,34.0
22,3,7,3.1
22,4,2,80.0
22,4,3,60.0
22,4,4,102.0
22,4,5,1.3
22,4,7,2.2
22,5,2,60.0
22,5,4,88.0
22,5,6,32.0
23,2,2,48.0
23,2,3,33.0
23,2,4,120.0
23,2,5,2.2
23,2,7,2.6
23,3,1,6.0
23,3,2,39.0
23,3,3,23.0
23,3,4,81.0
23,3,6,63.0
23,3,7,2.3
23,4,2,45.0
23,4,3,29.0
23,4,4,104.0
23,4,5,1.3
23,4,7,1.6
23,5,2,31.0
23,5,4,86.0
23,5,6,59.0
24,2,2,27.0
24,2,3,16.0
24,2,4,97.0
24,2,5,1.6
24,2,7,1.8
24,3,1,5.0
24,3,2,27.0
24,3,3,15.0
24,3,4,77.0
24,3,6,63.0
24,3,7,1.6
24,4,2,37.0
24,4,3,21.0
24,4,4,98.0
24,4,5,1.0
24,4,7,1.4
24,5,2,26.0
24,5,4,88.0
24,5,6,56.0
25,2,2,22.0
25,2,3,13.0
25,2,5,1.4
25,2,7,1.3
25,3,1,0.0
25,3,2,14.0
25,3,3,6.0
25,3,4,16.0
25,3,6,64.0
25,3,7,0.0
25,4,2,22.0
25,4,3,7.0
25,4,4,33.0
25,4,5,0.8
25,4,7,0.0
25,5,2,14.0
25,5,4,32.0
25,5,6,67.0
26,1,4,65.0
26,1,5,0.6
26,2,2,21.0
26,2,3,13.0
26,2,7,1.6
26,3,1,0.0
26,3,2,18.0
26,3,3,9.0
26,3,4,31.0
26,3,6,55.0
26,3,7,1.0
26,4,2,26.0
26,4,3,19.0
26,4,4,46.0
26,4,5,0.7
26,4,7,1.1
26,5,2,17.0
26,5,4,50.0
26,5,6,57.0
27,1,4,73.0
27,1,5,0.6
27,3,1,0.0
27,3,2,25.0
27,3,3,17.0
27,3,4,63.0
27,3,6,52.0
27,3,7,1.3
27,4,2,31.0
27,4,3,20.0
27,4,4,73.0
27,4,5,0.8
27,4,7,1.2
27,5,2,22.0
27,5,4,69.0
27,5,6,54.0
28,1,4,106.0
28,1,5,1.1
28,3,1,6.0
28,3,2,40.0
28,3,3,27.0
28,3,4,79.0
28,3,6,57.0
28,3,7,1.9
28,4,2,47.0
28,4,3,19.0
28,4,4,94.0
28,4,5,1.1
28,4,7,1.5
28,5,2,32.0
28,5,4,89.0
28,5,6,57.0
29,1,4,65.0
29,1,5,0.6
29,2,2,25.0
29,2,3,18.0
29,2,7,1.5
29,3,1,0.0
29,3,2,23.0
29,3,3,17.0
29,3,4,46.0
29,3,6,54.0
29,3,7,1.3
29,4,2,32.0
29,4,3,27.0
29,4,4,69.0
29,4,5,0.8
29,4,7,1.3
29,5,2,21.0
29,5,4,66.0
29,5,6,55.0
30,1,4,80.0
30,1,5,1.2
30,2,2,59.0
30,2,3,47.0
30,2,4,98.0
30,2,5,1.4
30,2,7,2.9
30,3,1,9.0
30,3,2,59.0
30,3,3,43.0
30,3,4,98.0
30,3,6,75.0
30,3,7,2.7
30,4,2,65.0
30,4,3,51.0
30,4,4,103.0
30,4,5,1.5
30,4,7,1.8
30,5,2,48.0
30,5,4,101.0
30,5,6,71.0
31,1,4,109.0
31,1,5,1.6
31,2,2,68.0
31,2,3,52.0
31,2,4,130.0
31,2,5,1.7
31,2,7,3.0
31,3,1,7.0
31,3,2,68.0
31,3,3,45.0
31,3,4,105.0
31,3,6,61.0
31,3,7,2.7
31,4,2,75.0
31,4,3,57.0
31,4,4,110.0
31,4,5,1.3
31,4,7,1.8
31,5,2,54.0
31,5,4,103.0
31,5,6,68.0
32,1,4,131.0
32,1,5,2.1
32,2,2,76.0
32,2,3,61.0
32,2,4,161.0
32,2,5,2.2
32,2,7,4.1
32,3,1,9.0
32,3,2,79.0
32,3,3,49.0
32,3,4,118.0
32,3,6,78.0
32,3,7,4.4
32,4,2,85.0
32,4,3,59.0
32,4,4,133.0
32,4,5,1.8
32,4,7,2.7
32,5,2,63.0
32,5,4,126.0
32,5,6,73.0
33,1,4,146.0
33,1,5,2.9
33,2,2,99.0
33,2,3,72.0
33,2,4,204.0
33,2,5,3.5
33,2,7,5.5
33,3,1,9.0
33,3,2,92.0
33,3,3,57.0
33,3,4,114.0
33,3,6,57.0
33,3,7,5.1
33,4,2,107.0
33,4,3,73.0
33,4,4,144.0
33,4,5,2.2
33,4,7,3.7
33,5,2,77.0
33,5,4,151.0
33,5,6,56.0
34,1,4,137.0
34,1,5,3.4
34,2,2,64.0
34,2,3,50.0
34,2,4,145.0
34,2,5,3.8
34,2,7,3.2
34,3,1,5.0
34,3,2,52.0
34,3,3,32.0
34,3,4,108.0
34,3,6,78.0
34,3,7,3.3
34,4,2,65.0
34,4,3,44.0
34,4,4,122.0
34,4,5,2.5
34,4,7,2.3
34,5,2,36.0
34,5,4,121.0
34,5,6,77.0
35,1,4,85.0
35,1,5,1.0
35,2,2,26.0
35,2,3,21.0
35,2,4,101.0
35,2,5,1.5
35,2,7,1.8
35,3,1,0.0
35,3,2,27.0
35,3,3,17.0
35,3,4,49.0
35,3,6,71.0
35,3,7,1.2
35,4,2,34.0
35,4,3,22.0
35,4,4,80.0
35,4,5,1.0
35,4,7,1.1
35,5,2,24.0
35,5,4,67.0
35,5,6,77.0
36,1,4,77.0
36,1,5,1.2
36,2,2,81.0
36,2,3,67.0
36,2,4,87.0
36,2,5,1.6
36,2,7,2.4
36,3,1,0.0
36,3,2,80.0
36,3,3,48.0
36,3,4,64.0
36,3,6,38.0
36,3,7,2.2
36,4,2,88.0
36,4,3,63.0
36,4,4,68.0
36,4,5,1.2
36,4,7,1.4
36,5,2,70.0
36,5,4,61.0
36,5,6,39.0
37,1,4,93.0
37,1,5,1.2
37,2,2,65.0
37,2,3,53.0
37,2,4,103.0
37,2,5,2.2
37,2,7,2.7
37,3,1,5.0
37,3,2,62.0
37,3,3,36.0
37,3,4,58.0
37,3,6,60.0
37,3,7,2.4
37,4,2,74.0
37,4,3,53.0
37,4,4,80.0
37,4,5,1.4
37,4,7,1.8
37,5,2,52.0
37,5,4,72.0
37,5,6,63.0
38,1,4,67.0
38,1,5,1.3
38,2,2,75.0
38,2,3,62.0
38,2,4,87.0
38,2,5,1.9
38,2,7,2.4
38,3,1,0.0
38,3,2,77.0
38,3,3,47.0
38,3,4,60.0
38,3,6,36.0
38,3,7,2.1
38,4,2,82.0
38,4,3,59.0
38,4,4,74.0
38,4,5,1.1
38,4,7,1.4
38,5,2,65.0
38,5,4,68.0
38,5,6,52.0
39,1,4,62.0
39,1,5,1.3
39,2,2,73.0
39,2,3,59.0
39,2,4,82.0
39,2,5,1.9
39,2,7,2.5
39,3,1,0.0
39,3,2,74.0
39,3,3,43.0
39,3,4,49.0
39,3,6,54.0
39,3,7,1.8
39,4,2,82.0
39,4,3,56.0
39,4,4,62.0
39,4,5,1.2
39,4,7,1.3
39,5,2,61.0
39,5,4,61.0
39,5,6,52.0
40,1,4,64.0
40,1,5,0.8
40,2,2,21.0
40,2,3,16.0
40,2,4,76.0
40,2,5,0.8
40,2,7,1.4
40,3,1,0.0
40,3,2,18.0
40,3,3,9.0
40,3,4,40.0
40,3,6,61.0
40,3,7,1.0
40,4,2,18.0
40,4,3,10.0
40,4,4,64.0
40,4,5,1.0
40,4,7,0.0
40,5,2,15.0
40,5,4,60.0
40,5,6,61.0
41,1,4,73.0
41,1,5,0.7
41,2,2,11.0
41,2,3,7.0
41,2,4,81.0
41,2,5,0.8
41,2,7,1.4
41,3,1,0.0
41,3,2,12.0
41,3,3,8.0
41,3,4,51.0
41,3,6,54.0
41,3,7,1.0
41,4,2,19.0
41,4,3,9.0
41,4,4,66.0
41,4,5,0.7
41,4,7,0.0
41,5,2,11.0
41,5,4,55.0
41,5,6,59.0
42,1,4,67.0
42,1,5,0.7
42,2,2,23.0
42,2,3,18.0
42,2,4,85.0
42,2,5,0.8
42,2,7,1.6
42,3,1,0.0
42,3,2,26.0
42,3,3,15.0
42,3,4,57.0
42,3,6,50.0
42,3,7,1.3
42,4,2,30.0
42,4,3,22.0
42,4,4,65.0
42,4,5,0.7
42,4,7,1.2
42,5,2,22.0
42,5,4,61.0
42,5,6,58.0
43,1,4,76.0
43,1,5,0.8
43,2,2,38.0
43,2,3,32.0
43,2,4,92.0
43,2,5,1.2
43,2,7,2.2
43,3,1,0.0
43,3,2,36.0
43,3,3,21.0
43,3,4,59.0
43,3,6,37.0
43,3,7,1.7
43,4,2,39.0
43,4,3,29.0
43,4,4,67.0
43,4,5,0.6
43,4,7,1.5
43,5,2,29.0
43,5,4,66.0
43,5,6,41.0
44,1,4,70.0
44,1,5,0.8
44,2,2,29.0
44,2,3,24.0
44,2,4,83.0
44,2,5,1.0
44,2,7,1.9
44,3,1,0.0
44,3,2,30.0
44,3,3,20.0
44,3,4,53.0
44,3,6,34.0
44,3,7,1.6
44,4,2,38.0
44,4,3,28.0
44,4,4,66.0
44,4,5,0.7
44,4,7,1.4
44,5,2,29.0
44,5,4,63.0
44,5,6,34.0
45,1,4,96.0
45,1,5,1.5
45,2,2,52.0
45,2,3,42.0
45,2,4,123.0
45,2,5,2.2
45,2,7,2.4
45,3,1,8.0
45,3,2,48.0
45,3,3,31.0
45,3,4,72.0
45,3,6,83.0
45,3,7,1.9
45,4,2,57.0
45,4,3,42.0
45,4,4,79.0
45,4,5,1.0
45,4,7,1.5
45,5,2,40.0
45,5,4,76.0
45,5,6,97.0
46,1,4,90.0
46,1,5,0.5
46,2,2,29.0
46,2,3,21.0
46,2,4,104.0
46,2,5,1.1
46,2,7,1.2
46,3,1,0.0
46,3,2,31.0
46,3,3,16.0
46,3,4,56.0
46,3,6,75.0
46,3,7,0.0
46,4,2,38.0
46,4,3,21.0
46,4,4,60.0
46,4,5,0.6
46,4,7,1.3
46,5,2,22.0
46,5,4,56.0
46,5,6,85.0
47,1,4,83.0
47,1,5,0.6
47,2,2,30.0
47,2,3,21.0
47,2,4,115.0
47,2,5,1.4
47,2,7,1.7
47,3,1,0.0
47,3,2,31.0
47,3,3,14.0
47,3,4,67.0
47,3,6,70.0
47,3,7,1.1
47,4,2,39.0
47,4,3,21.0
47,4,4,88.0
47,4,5,0.7
47,4,7,1.1
47,5,2,25.0
47,5,4,78.0
47,5,6,75.0
48,1,4,84.0
48,1,5,0.9
48,2,2,31.0
48,2,3,21.0
48,2,4,108.0
48,2,5,1.6
48,2,7,2.1
48,3,1,6.0
48,3,2,33.0
48,3,3,15.0
48,3,4,61.0
48,3,6,73.0
48,3,7,1.5
48,4,2,41.0
48,4,3,24.0
48,4,4,81.0
48,4,5,0.8
48,4,7,1.2
48,5,2,28.0
48,5,4,74.0
48,5,6,72.0
49,1,4,90.0
49,1,5,0.6
49,2,2,24.0
49,2,3,17.0
49,2,4,115.0
49,2,5,0.7
49,2,7,1.4
49,3,1,0.0
49,3,2,26.0
49,3,3,13.0
49,3,4,58.0
49,3,6,68.0
49,3,7,1.3
49,4,2,36.0
49,4,3,21.0
49,4,4,86.0
49,4,5,0.8
49,4,7,1.2
49,5,2,24.0
49,5,4,84.0
49,5,6,68.0
50,1,4,50.0
50,1,5,0.6
50,2,2,22.0
50,2,3,13.0
50,2,4,64.0
50,2,5,0.7
50,2,7,1.1
50,3,1,0.0
50,3,2,22.0
50,3,3,14.0
50,3,4,27.0
50,3,6,73.0
50,3,7,0.0
50,4,2,29.0
50,4,3,19.0
50,4,4,36.0
50,4,5,0.7
50,4,7,0.0
50,5,2,20.0
50,5,4,42.0
50,5,6,88.0
51,1,4,77.0
51,1,5,0.5
51,2,2,25.0
51,2,3,17.0
51,2,4,94.0
51,2,5,0.8
51,2,7,1.4
51,3,1,0.0
51,3,2,27.0
51,3,3,15.0
51,3,4,53.0
51,3,6,63.0
51,3,7,0.0
51,4,2,35.0
51,4,3,22.0
51,4,4,61.0
51,4,5,0.6
51,4,7,1.1
51,5,2,21.0
51,5,4,62.0
51,5,6,66.0
52,1,4,50.0
52,1,5,0.5
52,2,2,24.0
52,2,3,21.0
52,2,4,64.0
52,2,5,0.7
52,2,7,1.2
52,3,1,0.0
52,3,2,24.0
52,3,3,18.0
52,3,4,40.0
52,3,6,65.0
52,3,7,0.0
52,4,2,29.0
52,4,3,22.0
52,4,4,44.0
52,4,5,0.7
52,4,7,1.1
52,5,2,19.0
52,5,4,51.0
52,5,6,57.0
53,1,4,67.0
53,1,5,0.6
53,2,2,5.0
53,2,3,3.0
53,2,4,77.0
53,2,5,0.7
53,2,7,0.0
53,3,1,0.0
53,3,2,10.0
53,3,3,4.0
53,3,4,47.0
53,3,6,83.0
53,3,7,0.0
53,4,2,12.0
53,4,3,7.0
53,4,4,52.0
53,4,5,0.6
53,4,7,1.0
53,5,2,8.0
53,5,4,43.0
53,5,6,83.0
54,1,4,87.0
54,1,5,0.6
54,2,2,18.0
54,2,3,11.0
54,2,4,119.0
54,2,5,0.9
54,2,7,1.7
54,3,1,0.0
54,3,2,18.0
54,3,3,10.0
54,3,4,66.0
54,3,6,79.0
54,3,7,0.0
54,4,2,22.0
54,4,3,13.0
54,4,4,72.0
54,4,5,0.6
54,4,7,1.0
54,5,2,18.0
54,5,4,68.0
54,5,6,98.0
55,1,4,85.0
55,1,5,0.7
55,2,2,39.0
55,2,3,31.0
55,2,4,117.0
55,2,5,1.1
55,2,7,1.5
55,3,1,0.0
55,3,2,42.0
55,3,3,30.0
55,3,4,84.0
55,3,6,92.0
55,3,7,1.7
55,4,2,48.0
55,4,3,38.0
55,4,4,81.0
55,4,5,0.7
55,4,7,0.0
55,5,2,36.0
55,5,4,79.0
55,5,6,114.0
56,1,4,96.0
56,1,5,0.7
56,2,2,48.0
56,2,3,39.0
56,2,4,124.0
56,2,5,1.3
56,2,7,2.0
56,3,1,0.0
56,3,2,49.0
56,3,3,35.0
56,3,4,69.0
56,3,6,91.0
56,3,7,1.3
56,4,2,51.0
56,4,3,41.0
56,4,4,81.0
56,4,5,0.7
56,4,7,1.1
56,5,2,41.0
56,5,4,62.0
56,5,6,104.0
57,1,4,105.0
57,1,5,1.1
57,2,2,58.0
57,2,3,46.0
57,2,4,141.0
57,2,5,1.4
57,2,7,2.3
57,3,1,5.0
57,3,2,64.0
57,3,3,43.0
57,3,4,90.0
57,3,6,96.0
57,3,7,2.3
57,4,2,71.0
57,4,3,51.0
57,4,4,95.0
57,4,5,0.9
57,4,7,1.4
57,5,2,58.0
57,5,4,88.0
57,5,6,109.0
58,1,4,108.0
58,1,5,1.0
58,2,2,48.0
58,2,3,37.0
58,2,4,136.0
58,2,5,1.9
58,2,7,2.4
58,3,1,11.0
58,3,2,53.0
58,3,3,31.0
58,3,4,99.0
58,3,6,92.0
58,3,7,1.9
58,4,2,56.0
58,4,3,39.0
58,4,4,100.0
58,4,5,0.9
58,4,7,2.1
58,5,2,47.0
58,5,4,107.0
58,5,6,109.0
59,1,4,43.0
59,1,5,0.5
59,2,2,19.0
59,2,3,12.0
59,2,4,59.0
59,2,5,1.1
59,2,7,0.0
59,3,1,5.0
59,3,2,19.0
59,3,3,8.0
59,3,4,32.0
59,3,6,92.0
59,3,7,0.0
59,4,2,26.0
59,4,3,12.0
59,4,4,51.0
59,4,5,0.8
59,5,2,18.0
59,5,4,46.0
59,5,6,108.0
60,1,4,57.0
60,1,5,0.7
60,2,2,20.0
60,2,3,15.0
60,2,4,104.0
60,2,7,1.2
60,3,1,0.0
60,3,2,20.0
60,3,3,13.0
60,3,4,68.0
60,3,6,73.0
60,3,7,0.0
60,4,2,23.0
60,4,3,13.0
60,4,4,62.0
60,4,5,0.9
60,4,7,0.0
60,5,2,18.0
60,5,4,64.0
60,5,6,86.0
61,1,4,67.0
61,1,5,0.5
61,2,2,8.0
61,2,3,6.0
61,2,4,82.0
61,2,7,0.0
61,3,1,0.0
61,3,2,13.0
61,3,3,5.0
61,3,4,58.0
61,3,6,82.0
61,3,7,0.0
61,4,2,14.0
61,4,3,4.0
61,4,4,81.0
61,4,5,0.8
61,4,7,1.0
61,5,2,7.0
61,5,4,74.0
61,5,6,90.0
62,1,4,87.0
62,1,5,0.5
62,2,2,8.0
62,2,3,3.0
62,2,4,76.0
62,2,7,0.0
62,3,1,6.0
62,3,2,10.0
62,3,3,4.0
62,3,4,73.0
62,3,6,81.0
62,3,7,0.0
62,4,2,14.0
62,4,3,4.0
62,4,4,74.0
62,4,5,0.5
62,4,7,1.1
62,5,2,12.0
62,5,4,67.0
62,5,6,92.0
63,1,4,113.0
63,1,5,0.7
63,2,2,24.0
63,2,3,8.0
63,2,4,98.0
63,2,7,1.1
63,3,1,5.0
63,3,2,19.0
63,3,3,7.0
63,3,4,80.0
63,3,6,86.0
63,3,7,0.0
63,4,2,24.0
63,4,3,9.0
63,4,4,80.0
63,4,5,0.5
63,4,7,1.0
63,5,2,21.0
63,5,4,59.0
63,5,6,101.0
64,1,4,81.0
64,1,5,0.5
64,2,2,23.0
64,2,3,9.0
64,2,4,75.0
64,2,7,1.1
64,3,1,0.0
64,3,2,20.0
64,3,3,7.0
64,3,4,62.0
64,3,6,78.0
64,3,7,0.0
64,4,2,29.0
64,4,3,11.0
64,4,4,69.0
64,4,5,0.6
64,4,7,1.0
64,5,2,20.0
64,5,4,63.0
64,5,6,90.0
65,1,4,81.0
65,1,5,0.7
65,2,2,22.0
65,2,3,9.0
65,2,4,82.0
65,2,5,0.7
65,2,7,1.1
65,3,1,0.0
65,3,2,20.0
65,3,3,11.0
65,3,4,45.0
65,3,6,83.0
65,3,7,0.0
65,4,2,22.0
65,4,3,16.0
65,4,4,51.0
65,4,5,0.7
65,4,7,1.0
65,5,2,21.0
65,5,4,43.0
65,5,6,104.0
66,1,4,69.0
66,1,5,0.7
66,2,2,28.0
66,2,3,12.0
66,2,4,84.0
66,2,5,0.8
66,2,7,1.7
66,3,1,5.0
66,3,2,24.0
66,3,3,11.0
66,3,4,62.0
66,3,6,69.0
66,3,7,1.1
66,4,2,23.0
66,4,3,10.0
66,4,4,72.0
66,4,5,0.7
66,4,7,1.0
66,5,2,22.0
66,5,4,71.0
66,5,6,81.0
67,1,4,46.0
67,1,5,0.0
67,2,2,22.0
67,2,3,8.0
67,2,4,65.0
67,2,5,0.6
67,2,7,1.1
67,3,1,0.0
67,3,2,21.0
67,3,3,8.0
67,3,6,76.0
67,3,7,0.0
67,4,2,26.0
67,4,3,11.0
67,4,4,43.0
67,4,5,0.0
67,4,7,0.0
67,5,2,19.0
67,5,4,44.0
67,5,6,95.0
68,1,4,79.0
68,1,5,0.5
68,2,2,24.0
68,2,3,11.0
68,2,4,88.0
68,2,5,0.7
68,2,7,1.3
68,3,1,0.0
68,3,2,25.0
68,3,3,11.0
68,3,6,82.0
68,3,7,0.0
68,4,2,26.0
68,4,3,14.0
68,4,4,56.0
68,4,5,0.0
68,4,7,0.0
68,5,2,22.0
68,5,4,61.0
68,5,6,101.0
69,1,4,91.0
69,1,5,0.5
69,2,2,30.0
69,2,3,14.0
69,2,4,89.0
69,2,5,0.7
69,2,7,1.2
69,3,1,15.0
69,3,2,30.0
69,3,3,15.0
69,3,6,85.0
69,3,7,0.0
69,4,2,33.0
69,4,3,20.0
69,4,4,81.0
69,4,5,0.0
69,4,7,1.1
69,5,2,25.0
69,5,4,71.0
69,5,6,100.0
70,1,4,47.0
70,1,5,0.0
70,2,2,15.0
70,2,3,9.0
70,2,4,43.0
70,2,5,0.6
70,2,7,1.0
70,3,1,0.0
70,3,2,13.0
70,3,3,8.0
70,3,4,31.0
70,3,6,87.0
70,3,7,1.1
70,4,2,18.0
70,4,3,11.0
70,4,4,38.0
70,4,5,0.0
70,4,7,1.2
70,5,2,12.0
70,5,4,34.0
70,5,6,115.0
71,1,4,85.0
71,1,5,0.5
71,2,2,25.0
71,2,3,13.0
71,2,4,84.0
71,2,5,0.9
71,2,7,1.2
71,3,1,7.0
71,3,2,23.0
71,3,3,10.0
71,3,4,69.0
71,3,6,91.0
71,3,7,1.1
71,4,2,25.0
71,4,3,15.0
71,4,4,80.0
71,4,5,0.0
71,4,7,1.0
71,5,2,20.0
71,5,4,74.0
71,5,6,113.0
72,1,4,77.0
72,1,5,0.5
72,2,4,69.0
72,2,5,0.8
72,2,7,1.4
72,3,1,0.0
72,3,2,25.0
72,3,3,14.0
72,3,4,26.0
72,3,6,84.0
72,3,7,0.0
72,4,2,31.0
72,4,3,30.0
72,4,4,47.0
72,4,5,0.0
72,4,7,1.1
72,5,2,24.0
72,5,4,47.0
72,5,6,99.0
73,1,4,57.0
73,1,5,0.5
73,2,2,19.0
73,2,3,14.0
73,2,4,62.0
73,2,5,0.5
73,2,7,1.3
73,3,1,0.0
73,3,2,16.0
73,3,3,11.0
73,3,4,25.0
73,3,6,74.0
73,3,7,0.0
73,4,2,22.0
73,4,3,16.0
73,4,4,41.0
73,4,5,0.0
73,4,7,1.2
73,5,2,13.0
73,5,4,41.0
73,5,6,80.0
74,1,4,69.0
74,1,5,0.5
74,2,2,17.0
74,2,3,7.0
74,2,4,65.0
74,2,5,0.0
74,2,7,1.0
74,3,1,0.0
74,3,2,11.0
74,3,3,6.0
74,3,4,23.0
74,3,6,87.0
74,3,7,0.0
74,4,2,15.0
74,4,3,9.0
74,4,4,29.0
74,4,5,0.0
74,4,7,0.0
74,5,2,10.0
74,5,4,37.0
74,5,6,117.0
75,1,4,76.0
75,1,5,0.0
75,2,2,12.0
75,2,3,5.0
75,2,4,86.0
75,2,5,0.0
75,2,7,1.1
75,3,1,9.0
75,3,2,12.0
75,3,3,5.0
75,3,4,63.0
75,3,6,75.0
75,3,7,0.0
75,4,2,15.0
75,4,3,9.0
75,4,4,72.0
75,4,5,0.0
75,4,7,1.1
75,5,2,10.0
75,5,4,72.0
75,5,6,100.0
76,1,4,78.0
76,1,5,0.6
76,2,2,22.0
76,2,3,8.0
76,2,4,74.0
76,2,5,0.0
76,2,7,1.5
76,3,1,7.0
76,3,2,22.0
76,3,3,10.0
76,3,4,57.0
76,3,6,91.0
76,3,7,1.2
76,4,2,25.0
76,4,3,16.0
76,4,4,63.0
76,4,5,0.6
76,4,7,1.3
76,5,2,19.0
76,5,4,63.0
76,5,6,112.0
77,1,4,89.0
77,1,5,0.6
77,2,2,25.0
77,2,3,11.0
77,2,4,81.0
77,2,5,0.0
77,2,7,1.3
77,3,1,5.0
77,3,2,21.0
77,3,3,10.0
77,3,4,59.0
77,3,6,102.0
77,3,7,0.0
77,4,2,28.0
77,4,3,15.0
77,4,4,76.0
77,4,5,0.6
77,5,2,19.0
77,5,4,66.0
77,5,6,124.0
78,1,4,48.0
78,1,5,0.5
78,2,2,15.0
78,2,3,11.0
78,2,4,63.0
78,2,5,0.0
78,2,7,1.4
78,3,1,0.0
78,3,2,12.0
78,3,3,9.0
78,3,4,19.0
78,3,6,75.0
78,3,7,0.0
78,4,2,16.0
78,4,3,13.0
78,4,4,44.0
78,4,5,0.6
78,5,2,12.0
78,5,4,38.0
78,5,6,96.0
79,1,4,33.0
79,1,5,0.5
79,2,2,10.0
79,2,3,3.0
79,2,4,41.0
79,2,5,0.0
79,2,7,0.0
79,3,1,0.0
79,3,2,7.0
79,3,3,4.0
79,3,4,11.0
79,3,6,82.0
79,3,7,0.0
79,4,2,9.0
79,4,3,6.0
79,4,4,21.0
79,4,5,0.5
79,4,7,0.0
79,5,4,24.0
79,5,6,107.0
80,1,4,74.0
80,1,5,0.0
80,2,2,14.0
80,2,3,6.0
80,2,4,77.0
80,2,5,0.0
80,2,7,1.0
80,3,1,0.0
80,3,2,14.0
80,3,3,7.0
80,3,4,49.0
80,3,6,97.0
80,3,7,0.0
80,4,2,17.0
80,4,3,11.0
80,4,4,60.0
80,4,5,0.5
80,4,7,0.0
80,5,4,56.0
80,5,6,126.0
81,1,4,84.0
81,1,5,0.6
81,2,2,26.0
81,2,3,9.0
81,2,4,79.0
81,2,5,0.5
81,2,7,1.5
81,3,1,0.0
81,3,2,20.0
81,3,3,10.0
81,3,4,49.0
81,3,6,107.0
81,3,7,0.0
81,4,2,26.0
81,4,3,17.0
81,4,4,55.0
81,4,5,0.7
81,4,7,0.0
81,5,2,21.0
81,5,4,55.0
81,5,6,139.0
82,1,4,36.0
82,1,5,0.0
82,2,2,16.0
82,2,3,9.0
82,2,4,38.0
82,2,5,0.0
82,2,7,0.0
82,3,1,0.0
82,3,2,14.0
82,3,3,8.0
82,3,6,77.0
82,3,7,0.0
82,4,2,19.0
82,4,3,17.0
82,4,4,24.0
82,4,5,0.8
82,4,7,0.0
82,5,2,13.0
82,5,4,23.0
82,5,6,90.0
83,1,4,76.0
83,1,5,0.6
83,2,2,14.0
83,2,3,6.0
83,2,4,50.0
83,2,5,0.0
83,2,7,0.0
83,3,1,0.0
83,3,2,10.0
83,3,3,6.0
83,3,4,27.0
83,3,6,77.0
83,3,7,0.0
83,4,2,19.0
83,4,3,10.0
83,4,4,44.0
83,4,5,0.9
83,4,7,0.0
83,5,2,11.0
83,5,4,47.0
83,5,6,97.0
84,1,4,80.0
84,1,5,0.5
84,2,2,14.0
84,2,3,5.0
84,2,4,66.0
84,2,5,0.0
84,2,7,0.0
84,3,1,0.0
84,3,2,11.0
84,3,3,6.0
84,3,4,29.0
84,3,6,90.0
84,3,7,0.0
84,4,2,17.0
84,4,3,8.0
84,4,4,35.0
84,4,5,0.9
84,4,7,0.0
84,5,2,16.0
84,5,4,32.0
84,5,6,116.0
85,1,4,75.0
85,1,5,0.6
85,2,2,20.0
85,2,3,9.0
85,2,4,76.0
85,2,5,0.5
85,2,7,1.2
85,3,1,0.0
85,3,2,16.0
85,3,3,10.0
85,3,4,44.0
85,3,6,105.0
85,3,7,0.0
85,4,2,20.0
85,4,3,15.0
85,4,4,67.0
85,4,5,0.9
85,4,7,0.0
85,5,2,19.0
85,5,4,51.0
85,5,6,132.0
86,1,4,79.0
86,1,5,0.8
86,2,2,17.0
86,2,3,8.0
86,2,4,50.0
86,2,5,0.5
86,2,7,0.0
86,3,1,0.0
86,3,2,14.0
86,3,3,9.0
86,3,4,30.0
86,3,6,107.0
86,3,7,0.0
86,4,2,16.0
86,4,3,11.0
86,4,4,36.0
86,4,5,0.8
86,4,7,0.0
86,5,2,13.0
86,5,4,32.0
86,5,6,132.0
87,1,4,74.0
87,1,5,0.7
87,2,2,19.0
87,2,3,9.0
87,2,4,73.0
87,2,5,0.5
87,2,7,1.3
87,3,1,0.0
87,3,2,12.0
87,3,3,8.0
87,3,4,44.0
87,3,6,92.0
87,3,7,0.0
87,4,2,18.0
87,4,3,15.0
87,4,4,43.0
87,4,5,0.8
87,4,7,0.0
87,5,2,15.0
87,5,4,52.0
87,5,6,117.0
88,1,4,54.0
88,1,5,0.6
88,2,2,22.0
88,2,3,12.0
88,2,4,53.0
88,2,5,0.5
88,2,7,1.3
88,3,1,0.0
88,3,2,15.0
88,3,3,10.0
88,3,4,16.0
88,3,6,93.0
88,3,7,0.0
88,4,2,15.0
88,4,3,11.0
88,4,4,40.0
88,4,5,0.8
88,4,7,0.0
88,5,2,17.0
88,5,4,34.0
88,5,6,106.0
89,1,4,55.0
89,1,5,0.6
89,2,2,14.0
89,2,3,8.0
89,2,4,60.0
89,2,5,0.5
89,2,7,1.1
89,3,1,0.0
89,3,2,10.0
89,3,3,7.0
89,3,4,20.0
89,3,6,66.0
89,3,7,0.0
89,4,2,14.0
89,4,3,14.0
89,4,4,42.0
89,4,5,0.8
89,4,7,0.0
89,5,2,10.0
89,5,4,40.0
89,5,6,80.0
90,1,4,70.0
90,1,5,0.7
90,2,2,16.0
90,2,3,7.0
90,2,4,56.0
90,2,5,0.5
90,2,7,0.0
90,3,1,0.0
90,3,2,9.0
90,3,3,6.0
90,3,4,21.0
90,3,6,72.0
90,3,7,0.0
90,4,2,12.0
90,4,3,4.0
90,4,4,37.0
90,4,5,0.9
90,4,7,0.0
90,5,2,11.0
90,5,4,34.0
90,5,6,84.0
91,1,4,38.0
91,1,5,0.6
91,2,2,12.0
91,2,3,4.0
91,2,4,54.0
91,2,5,0.0
91,2,7,0.0
91,3,1,0.0
91,3,2,7.0
91,3,3,5.0
91,3,4,12.0
91,3,6,86.0
91,3,7,0.0
91,4,2,7.0
91,4,3,6.0
91,4,4,20.0
91,4,5,1.1
91,4,7,0.0
91,5,2,5.0
91,5,4,24.0
91,5,6,108.0
92,1,4,56.0
92,1,5,0.5
92,2,2,15.0
92,2,3,6.0
92,2,4,69.0
92,2,5,0.5
92,2,7,1.0
92,3,1,0.0
92,3,2,11.0
92,3,3,7.0
92,3,4,37.0
92,3,6,83.0
92,3,7,0.0
92,4,2,11.0
92,4,3,5.0
92,4,4,54.0
92,4,5,0.9
92,4,7,0.0
92,5,2,12.0
92,5,4,51.0
92,5,6,105.0
93,1,4,58.0
93,1,5,0.6
93,2,2,20.0
93,2,3,10.0
93,2,4,71.0
93,2,5,0.5
93,2,7,1.1
93,3,1,5.0
93,3,2,15.0
93,3,3,9.0
93,3,4,49.0
93,3,6,67.0
93,3,7,0.0
93,4,2,19.0
93,4,3,10.0
93,4,4,50.0
93,4,5,0.8
93,4,7,0.0
93,5,2,15.0
93,5,4,49.0
93,5,6,80.0
94,1,4,51.0
94,1,5,0.6
94,2,2,14.0
94,2,3,6.0
94,2,4,64.0
94,2,5,0.5
94,2,7,1.0
94,3,1,0.0
94,3,2,13.0
94,3,3,7.0
94,3,4,36.0
94,3,6,62.0
94,3,7,0.0
94,4,2,15.0
94,4,3,6.0
94,4,4,52.0
94,4,5,0.8
94,4,7,0.0
94,5,2,14.0
94,5,4,49.0
94,5,6,70.0
95,1,5,0.9
95,2,2,16.0
95,2,3,7.0
95,2,4,52.0
95,2,5,0.6
95,2,7,1.3
95,3,1,0.0
95,3,2,12.0
95,3,3,7.0
95,3,4,34.0
95,3,6,80.0
95,3,7,0.0
95,4,2,18.0
95,4,3,10.0
95,4,4,55.0
95,4,5,0.8
95,4,7,0.0
95,5,2,15.0
95,5,4,52.0
95,5,6,97.0
96,2,2,14.0
96,2,3,8.0
96,2,4,49.0
96,2,5,0.8
96,2,7,0.0
96,3,1,0.0
96,3,2,14.0
96,3,3,9.0
96,3,4,40.0
96,3,6,80.0
96,3,7,0.0
96,4,2,19.0
96,4,3,11.0
96,4,4,51.0
96,4,5,0.7
96,4,7,0.0
96,5,2,13.0
96,5,4,45.0
96,5,6,86.0
97,2,2,22.0
97,2,3,10.0
97,2,4,58.0
97,2,5,0.8
97,2,7,1.1
97,3,1,0.0
97,3,2,20.0
97,3,3,13.0
97,3,4,43.0
97,3,6,116.0
97,3,7,1.0
97,4,2,24.0
97,4,3,16.0
97,4,4,63.0
97,4,5,0.7
97,4,7,0.0
97,5,2,21.0
97,5,4,50.0
97,5,6,127.0
98,2,2,27.0
98,2,3,13.0
98,2,4,57.0
98,2,5,0.9
98,2,7,1.1
98,3,1,5.0
98,3,2,25.0
98,3,3,14.0
98,3,4,59.0
98,3,6,117.0
98,3,7,1.1
98,4,2,26.0
98,4,3,16.0
98,4,4,64.0
98,4,5,0.7
98,4,7,0.0
98,5,2,26.0
98,5,4,70.0
98,5,6,133.0
99,2,2,26.0
99,2,3,13.0
99,2,4,53.0
99,2,5,1.0
99,2,7,1.1
99,3,1,6.0
99,3,2,22.0
99,3,3,12.0
99,3,4,45.0
99,3,6,122.0
99,3,7,0.0
99,4,2,26.0
99,4,3,18.0
99,4,4,52.0
99,4,5,0.6
99,4,7,0.0
99,5,2,26.0
99,5,4,54.0
99,5,6,125.0
100,1,4,63.0
100,1,5,0.7
100,2,2,17.0
100,2,3,8.0
100,2,4,59.0
100,2,5,1.1
100,2,7,1.1
100,3,1,0.0
100,3,2,14.0
100,3,3,8.0
100,3,4,30.0
100,3,6,103.0
100,3,7,0.0
100,4,2,19.0
100,4,3,13.0
100,4,4,49.0
100,4,5,0.0
100,4,7,0.0
100,5,2,17.0
100,5,4,42.0
100,5,6,123.0
101,1,4,66.0
101,1,5,0.7
101,2,2,22.0
101,2,3,13.0
101,2,5,1.0
101,2,7,0.0
101,3,1,0.0
101,3,2,20.0
101,3,3,16.0
101,3,4,17.0
101,3,6,115.0
101,3,7,0.0
101,4,2,22.0
101,4,3,16.0
101,4,4,32.0
101,4,5,0.0
101,4,7,0.0
101,5,2,18.0
101,5,4,27.0
101,5,6,147.0
102,1,4,68.0
102,1,5,0.7
102,2,2,18.0
102,2,3,10.0
102,2,5,1.0
102,2,7,0.0
102,3,1,0.0
102,3,2,19.0
102,3,3,13.0
102,3,4,24.0
102,3,6,118.0
102,3,7,0.0
102,4,2,19.0
102,4,3,13.0
102,4,4,38.0
102,4,5,0.0
102,4,7,0.0
102,5,2,18.0
102,5,4,44.0
102,5,6,153.0
103,1,4,72.0
103,1,5,0.8
103,2,2,28.0
103,2,3,13.0
103,2,5,0.9
103,2,7,1.4
103,3,1,0.0
103,3,2,22.0
103,3,3,14.0
103,3,4,34.0
103,3,6,118.0
103,3,7,0.0
103,4,2,25.0
103,4,3,16.0
103,4,4,50.0
103,4,7,0.0
103,5,2,23.0
103,5,4,53.0
103,5,6,143.0
104,1,4,72.0
104,2,2,23.0
104,2,3,10.0
104,2,4,62.0
104,2,5,0.8
104,2,7,1.1
104,3,1,0.0
104,3,2,19.0
104,3,3,12.0
104,3,4,24.0
104,3,6,119.0
104,3,7,0.0
104,4,2,20.0
104,4,3,15.0
104,4,4,55.0
104,4,7,0.0
104,5,2,19.0
104,5,4,42.0
104,5,6,147.0
105,1,4,33.0
105,1,5,0.6
105,2,2,16.0
105,2,3,8.0
105,2,4,40.0
105,2,5,1.0
105,2,7,0.0
105,3,1,0.0
105,3,2,13.0
105,3,3,9.0
105,3,4,12.0
105,3,6,97.0
105,3,7,0.0
105,4,2,16.0
105,4,3,14.0
105,4,4,24.0
105,4,5,0.5
105,4,7,0.0
105,5,2,12.0
105,5,4,22.0
105,5,6,132.0
106,1,4,49.0
106,1,5,0.5
106,2,2,15.0
106,2,3,7.0
106,2,4,67.0
106,2,5,1.3
106,2,7,1.1
106,3,1,0.0
106,3,2,10.0
106,3,3,7.0
106,3,4,23.0
106,3,6,87.0
106,3,7,0.0
106,4,2,12.0
106,4,3,10.0
106,4,4,38.0
106,4,5,0.5
106,4,7,0.0
106,5,2,11.0
106,5,4,44.0
106,5,6,114.0
107,2,2,26.0
107,2,3,14.0
107,2,4,47.0
107,2,5,1.2
107,2,7,1.0
107,3,1,0.0
107,3,2,20.0
107,3,3,13.0
107,3,4,32.0
107,3,6,115.0
107,3,7,0.0
107,4,2,29.0
107,4,3,24.0
107,4,4,45.0
107,4,5,0.5
107,4,7,0.0
107,5,2,20.0
107,5,4,37.0
107,5,6,146.0
108,2,2,18.0
108,2,3,10.0
108,2,4,60.0
108,2,5,0.8
108,2,7,0.0
108,3,1,0.0
108,3,2,16.0
108,3,3,10.0
108,3,4,35.0
108,3,6,118.0
108,3,7,0.0
108,4,2,17.0
108,4,3,16.0
108,4,4,46.0
108,4,5,0.0
108,4,7,0.0
108,5,2,13.0
108,5,4,51.0
108,5,6,152.0
109,1,4,75.0
109,1,5,0.0
109,2,4,62.0
109,2,5,0.9
109,3,1,0.0
109,3,2,18.0
109,3,3,12.0
109,3,4,30.0
109,3,6,127.0
109,3,7,0.0
109,4,2,22.0
109,4,3,20.0
109,4,4,45.0
109,4,5,0.0
109,4,7,0.0
109,5,2,18.0
109,5,4,44.0
109,5,6,161.0
110,2,2,22.0
110,2,3,13.0
110,2,4,44.0
110,2,5,0.7
110,2,7,0.0
110,3,1,0.0
110,3,2,14.0
110,3,3,10.0
110,3,4,20.0
110,3,6,129.0
110,3,7,0.0
110,4,2,19.0
110,4,3,13.0
110,4,4,23.0
110,4,5,0.0
110,4,7,0.0
110,5,2,13.0
110,5,4,27.0
110,5,6,166.0
111,2,2,15.0
111,2,3,8.0
111,2,4,43.0
111,2,5,0.7
111,2,7,0.0
111,3,1,0.0
111,3,2,13.0
111,3,3,9.0
111,3,4,57.0
111,3,6,121.0
111,3,7,0.0
111,4,2,18.0
111,4,3,10.0
111,4,4,39.0
111,4,5,0.0
111,4,7,0.0
111,5,2,12.0
111,5,4,32.0
111,5,6,156.0
112,1,4,52.0
112,1,5,0.0
112,2,4,56.0
112,2,5,0.8
112,2,7,0.0
112,3,1,0.0
112,3,2,16.0
112,3,3,10.0
112,3,4,21.0
112,3,6,101.0
112,3,7,0.0
112,4,2,23.0
112,4,3,11.0
112,4,4,38.0
112,4,5,0.0
112,4,7,0.0
112,5,2,18.0
112,5,4,38.0
112,5,6,126.0
113,1,4,97.0
113,1,5,0.5
113,2,4,66.0
113,2,5,0.8
113,2,7,0.0
113,3,1,0.0
113,3,2,15.0
113,3,3,10.0
113,3,4,42.0
113,3,6,107.0
113,3,7,0.0
113,4,2,22.0
113,4,3,12.0
113,4,4,47.0
113,4,7,0.0
113,5,2,16.0
113,5,4,54.0
113,5,6,132.0
114,1,4,65.0
114,1,5,0.0
114,2,4,60.0
114,2,5,1.0
114,2,7,1.0
114,3,1,0.0
114,3,4,31.0
114,3,6,121.0
114,3,7,0.0
114,4,2,27.0
114,4,3,16.0
114,4,4,37.0
114,4,7,0.0
114,5,2,19.0
114,5,4,35.0
114,5,6,152.0
115,1,4,54.0
115,1,5,0.0
115,2,2,24.0
115,2,3,12.0
115,2,4,39.0
115,2,5,0.9
115,2,7,0.0
115,3,1,6.0
115,3,2,20.0
115,3,3,14.0
115,3,4,35.0
115,3,6,132.0
115,3,7,0.0
115,4,2,23.0
115,4,3,16.0
115,4,4,31.0
115,4,5,0.6
115,4,7,0.0
115,5,2,18.0
115,5,4,34.0
115,5,6,157.0
116,1,4,36.0
116,1,5,0.0
116,2,2,26.0
116,2,3,17.0
116,2,4,61.0
116,2,5,0.9
116,2,7,0.0
116,3,1,6.0
116,3,2,19.0
116,3,3,13.0
116,3,4,25.0
116,3,6,111.0
116,3,7,0.0
116,4,2,24.0
116,4,3,16.0
116,4,4,29.0
116,4,5,0.6
116,4,7,0.0
116,5,2,19.0
116,5,4,30.0
116,5,6,135.0
117,1,4,93.0
117,1,5,0.0
117,2,2,18.0
117,2,3,10.0
117,2,4,82.0
117,2,5,0.8
117,2,7,0.0
117,3,1,5.0
117,3,2,19.0
117,3,3,12.0
117,3,4,38.0
117,3,6,124.0
117,3,7,0.0
117,4,2,25.0
117,4,3,19.0
117,4,4,56.0
117,4,5,0.6
117,4,7,0.0
117,5,2,20.0
117,5,4,64.0
117,5,6,139.0
118,1,4,63.0
118,1,5,0.0
118,2,2,28.0
118,2,3,11.0
118,2,4,73.0
118,2,5,0.8
118,2,7,0.0
118,3,1,6.0
118,3,2,25.0
118,3,3,13.0
118,3,4,45.0
118,3,6,115.0
118,3,7,0.0
118,4,2,33.0
118,4,3,23.0
118,4,4,55.0
118,4,5,0.7
118,4,7,0.0
118,5,2,26.0
118,5,4,48.0
118,5,6,128.0
119,1,4,71.0
119,1,5,0.0
119,2,2,44.0
119,2,3,19.0
119,2,4,77.0
119,2,5,0.8
119,2,7,1.2
119,3,1,23.0
119,3,2,40.0
119,3,3,19.0
119,3,4,64.0
119,3,6,167.0
119,3,7,1.1
119,4,2,46.0
119,4,3,32.0
119,4,4,68.0
119,4,5,0.9
119,4,7,0.0
119,5,2,34.0
119,5,4,64.0
119,5,6,206.0
120,1,4,61.0
120,1,5,0.0
120,2,2,18.0
120,2,3,6.0
120,2,4,58.0
120,2,5,0.8
120,2,7,0.0
120,3,1,0.0
120,3,2,14.0
120,3,3,8.0
120,3,4,31.0
120,3,6,113.0
120,3,7,0.0
120,4,2,16.0
120,4,3,11.0
120,4,4,31.0
120,4,5,0.9
120,4,7,0.0
120,5,2,13.0
120,5,4,33.0
120,5,6,148.0
121,1,4,72.0
121,1,5,0.0
121,2,2,27.0
121,2,3,13.0
121,2,4,76.0
121,2,5,0.8
121,2,7,0.0
121,3,1,5.0
121,3,2,25.0
121,3,3,14.0
121,3,4,44.0
121,3,6,154.0
121,3,7,0.0
121,4,2,32.0
121,4,3,24.0
121,4,4,53.0
121,4,5,1.2
121,4,7,0.0
121,5,2,24.0
121,5,4,56.0
121,5,6,191.0
122,1,4,63.0
122,1,5,0.0
122,2,2,41.0
122,2,3,24.0
122,2,4,99.0
122,2,5,0.9
122,2,7,0.0
122,3,1,6.0
122,3,2,29.0
122,3,3,17.0
122,3,4,59.0
122,3,6,135.0
122,3,7,0.0
122,4,2,32.0
122,4,3,23.0
122,4,4,49.0
122,4,5,1.2
122,5,2,25.0
122,5,4,43.0
122,5,6,161.0
123,1,4,43.0
123,1,5,0.0
123,2,2,25.0
123,2,3,12.0
123,2,4,62.0
123,2,5,0.9
123,2,7,1.1
123,3,1,0.0
123,3,2,19.0
123,3,3,10.0
123,3,4,16.0
123,3,6,120.0
123,3,7,0.0
123,4,2,35.0
123,4,3,26.0
123,4,4,30.0
123,4,5,1.3
123,5,2,29.0
123,5,4,29.0
123,5,6,148.0
124,1,4,53.0
124,1,5,0.0
124,2,2,21.0
124,2,3,9.0
124,2,4,68.0
124,2,5,0.9
124,2,7,0.0
124,3,1,0.0
124,3,2,17.0
124,3,3,9.0
124,3,4,22.0
124,3,6,121.0
124,3,7,0.0
124,4,2,25.0
124,4,3,19.0
124,4,4,41.0
124,4,5,1.8
124,5,4,38.0
124,5,6,142.0
125,1,4,48.0
125,1,5,0.5
125,2,2,19.0
125,2,3,10.0
125,2,4,61.0
125,2,5,0.6
125,2,7,0.0
125,3,1,6.0
125,3,2,16.0
125,3,3,12.0
125,3,4,35.0
125,3,6,111.0
125,3,7,0.0
125,4,2,21.0
125,4,3,15.0
125,4,4,47.0
125,4,5,0.7
125,4,7,1.0
125,5,2,17.0
125,5,4,46.0
125,5,6,133.0
126,1,4,43.0
126,1,5,0.0
126,2,2,17.0
126,2,3,7.0
126,2,4,44.0
126,2,5,0.0
126,2,7,0.0
126,3,1,9.0
126,3,4,22.0
126,3,6,101.0
126,3,7,0.0
126,4,2,22.0
126,4,3,13.0
126,4,4,25.0
126,4,5,0.7
126,4,7,1.1
126,5,2,17.0
126,5,4,32.0
126,5,6,115.0
127,1,4,42.0
127,1,5,0.0
127,2,2,19.0
127,2,3,8.0
127,2,4,62.0
127,2,5,0.0
127,2,7,0.0
127,3,1,0.0
127,3,4,18.0
127,3,6,112.0
127,3,7,0.0
127,4,2,20.0
127,4,3,8.0
127,4,4,34.0
127,4,5,0.8
127,4,7,1.2
127,5,2,16.0
127,5,4,33.0
127,5,6,133.0
128,1,4,68.0
128,1,5,0.0
128,2,2,17.0
128,2,3,9.0
128,2,4,61.0
128,2,5,0.5
128,2,7,0.0
128,3,1,0.0
128,3,4,32.0
128,3,6,104.0
128,3,7,0.0
128,4,2,21.0
128,4,3,17.0
128,4,4,44.0
128,4,5,0.8
128,4,7,1.1
128,5,2,14.0
128,5,4,49.0
128,5,6,123.0
129,1,4,55.0
129,1,5,0.5
129,2,2,16.0
129,2,3,9.0
129,2,4,57.0
129,2,5,0.6
129,2,7,1.2
129,3,1,0.0
129,3,2,13.0
129,3,3,9.0
129,3,4,30.0
129,3,6,93.0
129,3,7,0.0
129,4,2,19.0
129,4,3,15.0
129,4,4,41.0
129,4,5,0.9
129,4,7,1.1
129,5,2,14.0
129,5,4,38.0
129,5,6,109.0
130,1,4,79.0
130,1,5,0.5
130,2,2,23.0
130,2,3,13.0
130,2,4,66.0
130,2,5,0.7
130,2,7,0.0
130,3,1,7.0
130,3,2,21.0
130,3,3,14.0
130,3,4,35.0
130,3,6,133.0
130,3,7,0.0
130,4,2,25.0
130,4,3,17.0
130,4,4,36.0
130,4,5,0.9
130,4,7,1.0
130,5,2,21.0
130,5,4,33.0
130,5,6,165.0
131,1,4,77.0
131,1,5,0.5
131,2,2,33.0
131,2,3,17.0
131,2,4,60.0
131,2,5,0.8
131,2,7,0.0
131,3,1,9.0
131,3,2,27.0
131,3,3,18.0
131,3,4,47.0
131,3,6,145.0
131,3,7,0.0
131,4,2,36.0
131,4,3,25.0
131,4,4,48.0
131,4,5,1.1
131,4,7,1.2
131,5,2,26.0
131,5,4,52.0
131,5,6,173.0
132,1,4,60.0
132,1,5,0.0
132,2,2,38.0
132,2,3,16.0
132,2,4,73.0
132,2,5,0.9
132,2,7,0.0
132,3,1,6.0
132,3,2,35.0
132,3,3,17.0
132,3,4,43.0
132,3,6,132.0
132,3,7,0.0
132,4,2,44.0
132,4,3,29.0
132,4,4,50.0
132,4,5,1.1
132,4,7,1.2
132,5,2,35.0
132,5,4,58.0
132,5,6,157.0
133,1,4,65.0
133,1,5,0.0
133,2,2,35.0
133,2,3,12.0
133,2,4,52.0
133,2,5,0.8
133,2,7,0.0
133,3,1,5.0
133,3,2,30.0
133,3,3,11.0
133,3,4,31.0
133,3,6,108.0
133,3,7,0.0
133,4,2,41.0
133,4,3,25.0
133,4,4,42.0
133,4,5,0.7
133,4,7,1.1
133,5,2,34.0
133,5,4,44.0
133,5,6,128.0
134,1,4,46.0
134,1,5,0.0
134,2,2,20.0
134,2,3,9.0
134,2,4,58.0
134,2,5,0.8
134,2,7,0.0
134,3,1,0.0
134,3,2,17.0
134,3,3,8.0
134,3,4,29.0
134,3,6,132.0
134,3,7,0.0
134,4,2,26.0
134,4,3,18.0
134,4,4,38.0
134,4,5,0.6
134,4,7,0.0
134,5,2,19.0
134,5,4,37.0
134,5,6,166.0
135,1,4,53.0
135,1,5,0.0
135,2,2,26.0
135,2,3,13.0
135,2,4,60.0
135,2,5,0.5
135,2,7,0.0
135,3,1,0.0
135,3,2,24.0
135,3,3,14.0
135,3,4,43.0
135,3,6,113.0
135,3,7,0.0
135,4,2,28.0
135,4,3,18.0
135,4,4,28.0
135,4,5,0.6
135,4,7,0.0
135,5,2,24.0
135,5,4,28.0
135,5,6,147.0
136,1,4,28.0
136,1,5,0.0
136,2,2,29.0
136,2,3,12.0
136,2,4,34.0
136,2,5,0.0
136,2,7,0.0
136,3,1,5.0
136,3,2,26.0
136,3,3,13.0
136,3,4,24.0
136,3,6,117.0
136,3,7,0.0
136,4,2,34.0
136,4,3,21.0
136,4,4,26.0
136,4,5,0.6
136,4,7,1.0
136,5,2,29.0
136,5,4,22.0
136,5,6,135.0
137,1,4,39.0
137,1,5,0.0
137,2,2,34.0
137,2,3,18.0
137,2,4,71.0
137,2,5,0.0
137,2,7,0.0
137,3,1,0.0
137,3,2,27.0
137,3,3,14.0
137,3,4,22.0
137,3,6,135.0
137,3,7,0.0
137,4,2,39.0
137,4,3,21.0
137,4,4,33.0
137,4,5,0.7
137,4,7,1.0
137,5,2,40.0
137,5,4,30.0
137,5,6,143.0
138,1,4,31.0
138,1,5,0.0
138,2,2,34.0
138,2,3,17.0
138,2,4,121.0
138,2,5,0.0
138,2,7,0.0
138,3,1,6.0
138,3,2,29.0
138,3,3,15.0
138,3,4,21.0
138,3,6,119.0
138,3,7,0.0
138,4,2,41.0
138,4,3,23.0
138,4,4,36.0
138,4,5,0.7
138,4,7,1.1
138,5,2,31.0
138,5,4,25.0
138,5,6,137.0
139,1,4,67.0
139,1,5,0.0
139,2,2,30.0
139,2,3,15.0
139,2,4,39.0
139,2,5,0.0
139,2,7,0.0
139,3,1,5.0
139,3,2,24.0
139,3,3,12.0
139,3,4,29.0
139,3,6,128.0
139,3,7,0.0
139,4,2,32.0
139,4,3,21.0
139,4,4,37.0
139,4,5,0.6
139,4,7,1.0
139,5,2,26.0
139,5,4,40.0
139,5,6,155.0
140,1,4,33.0
140,1,5,0.0
140,2,2,22.0
140,2,3,13.0
140,2,4,28.0
140,2,5,0.0
140,2,7,0.0
140,3,1,0.0
140,3,2,18.0
140,3,3,13.0
140,3,4,27.0
140,3,6,117.0
140,4,2,25.0
140,4,3,17.0
140,4,4,22.0
140,4,5,0.5
140,4,7,0.0
140,5,2,22.0
140,5,4,26.0
140,5,6,141.0
141,1,4,54.0
141,1,5,0.0
141,2,2,25.0
141,2,3,16.0
141,2,4,46.0
141,2,5,0.0
141,2,7,1.0
141,3,1,5.0
141,3,2,18.0
141,3,3,12.0
141,3,4,32.0
141,3,6,94.0
141,4,2,33.0
141,4,3,23.0
141,4,4,44.0
141,4,5,0.5
141,4,7,1.1
141,5,2,16.0
141,5,4,34.0
141,5,6,103.0
142,1,4,57.0
142,1,5,0.0
142,2,2,14.0
142,2,3,8.0
142,2,4,28.0
142,2,5,0.0
142,2,7,0.0
142,3,1,0.0
142,3,2,13.0
142,3,3,7.0
142,3,4,36.0
142,3,6,112.0
142,3,7,0.0
142,4,2,20.0
142,4,3,14.0
142,4,4,34.0
142,4,5,0.0
142,4,7,1.0
142,5,2,10.0
142,5,4,42.0
142,5,6,131.0
143,1,4,52.0
143,1,5,0.0
143,2,2,5.0
143,2,3,4.0
143,2,5,0.0
143,2,7,0.0
143,3,1,0.0
143,3,2,5.0
143,3,3,3.0
143,3,4,25.0
143,3,6,85.0
143,3,7,0.0
143,4,4,40.0
143,4,5,0.0
143,4,7,1.1
143,5,2,10.0
143,5,4,52.0
143,5,6,80.0
144,1,4,57.0
144,1,5,0.0
144,2,2,13.0
144,2,3,6.0
144,2,5,0.5
144,2,7,0.0
144,3,1,0.0
144,3,2,12.0
144,3,3,6.0
144,3,4,46.0
144,3,6,109.0
144,3,7,0.0
144,4,4,33.0
144,4,5,0.0
144,4,7,1.1
144,5,2,12.0
144,5,4,41.0
144,5,6,134.0
145,1,4,51.0
145,1,5,0.0
145,2,2,15.0
145,2,3,9.0
145,2,4,62.0
145,2,5,0.7
145,2,7,0.0
145,3,1,0.0
145,3,2,10.0
145,3,3,8.0
145,3,4,43.0
145,3,6,97.0
145,3,7,0.0
145,5,2,10.0
145,5,4,38.0
145,5,6,106.0
146,1,4,61.0
146,1,5,0.0
146,2,2,19.0
146,2,3,10.0
146,2,4,54.0
146,2,5,0.8
146,2,7,1.1
146,3,1,0.0
146,3,2,15.0
146,3,3,11.0
146,3,4,30.0
146,3,6,114.0
146,3,7,0.0
146,5,2,15.0
146,5,4,38.0
146,5,6,142.0
147,1,4,55.0
147,1,5,0.5
147,2,2,20.0
147,2,3,11.0
147,2,4,60.0
147,2,5,0.8
147,2,7,0.0
147,3,1,0.0
147,3,2,17.0
147,3,3,9.0
147,3,4,30.0
147,3,6,106.0
147,3,7,0.0
147,5,2,17.0
147,5,4,40.0
147,5,6,125.0
148,1,4,35.0
148,1,5,0.0
148,2,2,25.0
148,2,3,10.0
148,2,4,56.0
148,2,5,0.8
148,2,7,1.0
148,3,1,0.0
148,3,2,19.0
148,3,3,9.0
148,3,4,22.0
148,3,6,112.0
148,3,7,0.0
148,4,2,29.0
148,4,3,16.0
148,4,4,26.0
148,5,2,20.0
148,5,4,28.0
148,5,6,144.0
149,1,4,46.0
149,1,5,0.0
149,2,2,20.0
149,2,3,8.0
149,2,4,55.0
149,2,5,0.0
149,2,7,0.0
149,3,1,0.0
149,3,2,18.0
149,3,3,8.0
149,3,4,26.0
149,3,7,0.0
149,4,2,23.0
149,4,3,10.0
149,4,4,28.0
149,5,2,17.0
149,5,4,28.0
149,5,6,126.0
150,1,4,27.0
150,1,5,0.0
150,2,2,6.0
150,2,3,3.0
150,2,4,30.0
150,2,5,0.0
150,2,7,0.0
150,3,1,0.0
150,3,2,6.0
150,3,3,4.0
150,3,4,27.0
150,3,7,0.0
150,4,2,2.0
150,4,3,0.0
150,4,4,26.0
150,4,5,0.0
150,5,2,6.0
150,5,4,32.0
150,5,6,95.0
151,1,4,44.0
151,1,5,0.0
151,2,2,4.0
151,2,3,0.0
151,2,4,37.0
151,2,5,0.0
151,2,7,0.0
151,3,1,0.0
151,3,2,6.0
151,3,3,4.0
151,3,4,54.0
151,3,7,0.0
151,4,2,9.0
151,4,3,4.0
151,4,4,34.0
151,4,5,0.0
151,5,2,7.0
151,5,4,35.0
151,5,6,86.0
152,2,2,10.0
152,2,3,5.0
152,2,4,60.0
152,2,5,0.0
152,2,7,0.0
152,3,1,0.0
152,3,2,9.0
152,3,3,5.0
152,3,4,42.0
152,3,7,0.0
152,4,2,12.0
152,4,3,7.0
152,4,4,29.0
152,4,5,0.0
152,5,2,10.0
152,5,4,39.0
152,5,6,128.0
153,1,4,60.0
153,1,5,0.0
153,2,2,16.0
153,2,3,7.0
153,2,4,95.0
153,2,5,0.7
153,2,7,0.0
153,3,1,0.0
153,3,2,14.0
153,3,3,7.0
153,3,4,60.0
153,3,7,0.0
153,4,2,17.0
153,4,3,10.0
153,4,4,33.0
153,4,5,0.0
153,5,2,13.0
153,5,4,42.0
153,5,6,133.0
154,1,4,37.0
154,1,5,0.0
154,2,2,20.0
154,2,3,10.0
154,2,4,51.0
154,2,5,0.8
154,2,7,0.0
154,3,1,0.0
154,3,2,20.0
154,3,3,10.0
154,3,4,44.0
154,3,6,149.0
154,3,7,0.0
154,4,2,23.0
154,4,3,13.0
154,4,4,36.0
154,4,5,0.0
154,5,2,20.0
154,5,4,34.0
154,5,6,166.0
155,1,4,41.0
155,1,5,0.5
155,2,2,28.0
155,2,3,16.0
155,2,4,28.0
155,2,7,0.0
155,3,1,0.0
155,3,2,24.0
155,3,3,15.0
155,3,4,27.0
155,3,6,155.0
155,3,7,0.0
155,4,2,27.0
155,4,3,16.0
155,4,4,19.0
155,4,5,0.0
155,4,7,0.0
155,5,4,19.0
155,5,6,171.0
156,1,4,86.0
156,1,5,0.6
156,2,2,25.0
156,2,3,16.0
156,2,4,55.0
156,2,7,0.0
156,3,1,0.0
156,3,2,26.0
156,3,3,16.0
156,3,4,47.0
156,3,7,0.0
156,4,2,30.0
156,4,3,17.0
156,4,4,37.0
156,4,5,0.0
156,4,7,0.0
156,5,2,32.0
156,5,4,39.0
156,5,6,155.0
157,1,4,88.0
157,1,5,0.6
157,2,2,30.0
157,2,3,16.0
157,2,4,43.0
157,2,7,0.0
157,3,1,0.0
157,3,2,29.0
157,3,3,16.0
157,3,4,40.0
157,3,7,0.0
157,4,2,31.0
157,4,3,20.0
157,4,4,35.0
157,4,5,0.0
157,4,7,0.0
157,5,2,25.0
157,5,4,41.0
157,5,6,195.0
158,1,4,81.0
158,1,5,0.5
158,2,2,30.0
158,2,3,16.0
158,2,4,45.0
158,2,5,0.7
158,2,7,0.0
158,3,1,0.0
158,3,2,29.0
158,3,3,16.0
158,3,4,41.0
158,3,7,0.0
158,4,2,38.0
158,4,3,21.0
158,4,4,45.0
158,4,5,0.0
158,4,7,0.0
158,5,2,27.0
158,5,4,60.0
158,5,6,163.0
159,1,4,94.0
159,1,5,0.6
159,2,2,32.0
159,2,3,17.0
159,2,4,49.0
159,2,5,0.7
159,2,7,0.0
159,3,1,0.0
159,3,2,29.0
159,3,3,16.0
159,3,4,50.0
159,3,6,147.0
159,3,7,0.0
159,4,2,36.0
159,4,3,23.0
159,4,4,38.0
159,4,5,0.0
159,4,7,0.0
159,5,2,28.0
159,5,4,45.0
159,5,6,190.0
160,1,4,32.0
160,1,5,0.5
160,2,2,16.0
160,2,3,11.0
160,2,4,22.0
160,2,5,0.7
160,2,7,0.0
160,3,1,0.0
160,3,4,30.0
160,3,6,65.0
160,3,7,0.0
160,5,2,15.0
160,5,4,25.0
160,5,6,74.0
161,1,4,41.0
161,1,5,0.0
161,2,2,8.0
161,2,3,5.0
161,2,5,0.6
161,2,7,0.0
161,3,1,0.0
161,3,2,8.0
161,3,3,5.0
161,3,4,28.0
161,3,6,76.0
161,3,7,0.0
161,4,2,14.0
161,4,3,9.0
161,4,4,24.0
161,4,5,0.0
161,4,7,0.0
161,5,2,7.0
161,5,4,34.0
161,5,6,82.0
162,1,4,61.0
162,1,5,0.6
162,2,2,12.0
162,2,3,6.0
162,2,4,20.0
162,2,5,0.7
162,2,7,1.0
162,3,1,0.0
162,3,2,11.0
162,3,3,6.0
162,3,4,42.0
162,3,6,87.0
162,3,7,0.0
162,4,2,16.0
162,4,3,11.0
162,4,4,39.0
162,4,5,0.0
162,4,7,0.0
162,5,2,12.0
162,5,4,43.0
162,5,6,109.0
163,1,4,39.0
163,1,5,0.3
163,2,2,12.0
163,2,3,6.0
163,2,4,14.0
163,2,5,0.7
163,2,7,0.0
163,3,1,0.0
163,3,2,14.0
163,3,3,8.0
163,3,4,46.0
163,3,6,90.0
163,3,7,0.0
163,4,2,20.0
163,4,3,10.0
163,4,4,44.0
163,4,5,0.3
163,4,7,0.0
163,5,2,13.0
163,5,4,39.0
163,5,6,106.0
164,1,4,93.0
164,1,5,0.9
164,2,2,20.0
164,2,3,13.0
164,2,5,1.0
164,2,7,1.1
164,3,1,0.0
164,3,2,21.0
164,3,3,13.0
164,3,4,64.0
164,3,6,107.0
164,3,7,1.1
164,4,2,22.0
164,4,3,15.0
164,4,4,56.0
164,4,5,0.3
164,4,7,0.0
164,5,2,19.0
164,5,4,60.0
164,5,6,117.0
165,1,4,70.0
165,1,5,0.7
165,2,2,25.0
165,2,3,14.0
165,2,4,30.0
165,2,5,1.0
165,2,7,1.3
165,3,1,0.0
165,3,2,23.0
165,3,3,13.0
165,3,4,55.0
165,3,6,104.0
165,3,7,0.0
165,4,2,29.0
165,4,3,19.0
165,4,4,56.0
165,4,5,0.0
165,4,7,0.0
165,5,2,22.0
165,5,4,55.0
165,5,6,128.0
166,1,4,76.0
166,1,5,0.7
166,2,2,17.0
166,2,3,7.0
166,2,4,60.0
166,2,5,0.9
166,2,7,1.7
166,3,1,0.0
166,3,2,19.0
166,3,3,9.0
166,3,4,45.0
166,3,6,115.0
166,3,7,0.0
166,4,2,21.0
166,4,3,12.0
166,4,4,33.0
166,4,7,0.0
166,5,2,18.0
166,5,4,42.0
166,5,6,122.0
167,1,4,99.0
167,1,5,0.7
167,2,2,21.0
167,2,3,11.0
167,2,4,70.0
167,2,5,1.0
167,2,7,1.2
167,3,1,0.0
167,3,2,24.0
167,3,3,13.0
167,3,4,69.0
167,3,6,143.0
167,3,7,1.0
167,4,2,28.0
167,4,3,16.0
167,4,4,46.0
167,4,7,0.0
167,5,2,21.0
167,5,4,49.0
167,5,6,164.0
168,1,4,102.0
168,1,5,0.9
168,2,2,25.0
168,2,3,14.0
168,2,4,75.0
168,2,5,1.2
168,2,7,1.6
168,3,1,10.0
168,3,2,26.0
168,3,3,15.0
168,3,4,69.0
168,3,6,137.0
168,3,7,0.0
168,4,2,31.0
168,4,3,17.0
168,4,4,66.0
168,4,7,0.0
168,5,2,22.0
168,5,4,60.0
168,5,6,150.0
169,1,4,112.0
169,1,5,1.0
169,2,2,45.0
169,2,3,26.0
169,2,4,98.0
169,2,5,0.9
169,2,7,1.3
169,3,1,6.0
169,3,2,39.0
169,3,3,23.0
169,3,4,71.0
169,3,6,170.0
169,3,7,1.0
169,4,2,43.0
169,4,3,26.0
169,4,4,51.0
169,4,5,0.9
169,4,7,0.0
169,5,2,33.0
169,5,4,61.0
169,5,6,188.0
170,1,4,127.0
170,1,5,1.0
170,2,2,49.0
170,2,3,28.0
170,2,4,92.0
170,2,5,1.0
170,2,7,1.5
170,3,1,0.0
170,3,2,39.0
170,3,3,24.0
170,3,4,60.0
170,3,6,161.0
170,3,7,1.2
170,4,4,52.0
170,4,5,1.0
170,4,7,0.0
170,5,2,33.0
170,5,4,61.0
170,5,6,176.0
171,1,4,83.0
171,1,5,0.7
171,2,2,38.0
171,2,3,21.0
171,2,4,74.0
171,2,5,0.9
171,2,7,1.2
171,3,1,16.0
171,3,2,32.0
171,3,3,20.0
171,3,4,57.0
171,3,6,134.0
171,3,7,1.1
171,4,4,54.0
171,4,5,0.9
171,4,7,0.0
171,5,2,26.0
171,5,4,68.0
171,5,6,142.0
172,1,4,87.0
172,1,5,0.7
172,2,2,27.0
172,2,3,19.0
172,2,4,69.0
172,2,5,0.7
172,2,7,1.1
172,3,1,0.0
172,3,2,22.0
172,3,3,14.0
172,3,4,56.0
172,3,6,98.0
172,3,7,0.0
172,4,4,52.0
172,4,5,1.1
172,4,7,0.0
172,5,2,22.0
172,5,4,58.0
172,5,6,104.0
173,1,4,42.0
173,1,5,0.6
173,2,2,25.0
173,2,3,15.0
173,2,4,51.0
173,2,5,0.8
173,2,7,1.3
173,3,1,0.0
173,3,2,22.0
173,3,3,13.0
173,3,4,58.0
173,3,6,103.0
173,3,7,1.0
173,4,4,39.0
173,4,5,1.2
173,4,7,0.0
173,5,2,20.0
173,5,4,45.0
173,5,6,109.0
174,1,4,40.0
174,1,5,0.5
174,2,2,21.0
174,2,3,14.0
174,2,4,28.0
174,2,5,0.7
174,2,7,0.0
174,3,1,0.0
174,3,2,17.0
174,3,3,12.0
174,3,4,34.0
174,3,6,86.0
174,3,7,0.0
174,4,2,17.0
174,4,4,22.0
174,4,5,1.3
174,4,7,0.0
174,5,2,16.0
174,5,4,24.0
174,5,6,87.0
175,1,4,55.0
175,1,5,0.6
175,2,2,45.0
175,2,4,59.0
175,2,5,0.9
175,2,7,1.5
175,3,1,0.0
175,3,2,28.0
175,3,3,16.0
175,3,4,37.0
175,3,6,76.0
175,3,7,0.0
175,4,4,42.0
175,4,7,0.0
175,5,2,29.0
175,5,4,37.0
175,5,6,73.0
176,1,4,97.0
176,1,5,0.7
176,2,2,21.0
176,2,3,7.0
176,2,4,87.0
176,2,5,1.3
176,2,7,1.4
176,3,1,0.0
176,3,2,19.0
176,3,3,10.0
176,3,4,57.0
176,3,6,81.0
176,3,7,1.1
176,4,2,29.0
176,4,3,12.0
176,4,4,46.0
176,4,5,0.0
176,4,7,0.0
176,5,2,16.0
176,5,4,58.0
176,5,6,89.0
177,1,4,67.0
177,1,5,0.8
177,2,2,34.0
177,2,3,17.0
177,2,4,61.0
177,2,5,1.4
177,2,7,1.4
177,3,1,0.0
177,3,2,23.0
177,3,3,12.0
177,3,4,51.0
177,3,6,87.0
177,3,7,0.0
177,4,2,27.0
177,4,3,11.0
177,4,4,48.0
177,4,7,0.0
177,5,2,25.0
177,5,4,54.0
177,5,6,89.0
178,1,4,64.0
178,1,5,0.7
178,2,2,27.0
178,2,3,14.0
178,2,4,73.0
178,2,5,0.9
178,2,7,1.3
178,3,1,0.0
178,3,2,20.0
178,3,3,12.0
178,3,4,28.0
178,3,6,68.0
178,3,7,0.0
178,4,2,19.0
178,4,3,12.0
178,4,4,36.0
178,4,7,0.0
178,5,2,18.0
178,5,4,40.0
178,5,6,74.0
179,1,4,94.0
179,1,5,1.0
179,2,2,13.0
179,2,3,4.0
179,2,4,86.0
179,2,5,1.2
179,2,7,1.4
179,3,1,0.0
179,3,2,12.0
179,3,3,5.0
179,3,4,62.0
179,3,6,73.0
179,3,7,1.2
179,4,2,8.0
179,4,3,4.0
179,4,4,71.0
179,4,7,0.0
179,5,2,10.0
179,5,4,72.0
179,5,6,83.0
180,1,4,82.0
180,1,5,1.0
180,2,2,19.0
180,2,3,6.0
180,2,4,87.0
180,2,5,1.2
180,2,7,1.5
180,3,1,6.0
180,3,2,15.0
180,3,3,8.0
180,3,4,58.0
180,3,6,99.0
180,3,7,1.0
180,4,4,48.0
180,4,7,0.0
180,5,2,12.0
180,5,4,57.0
180,5,6,102.0
181,1,4,123.0
181,1,5,1.1
181,2,2,25.0
181,2,3,10.0
181,2,4,109.0
181,2,5,1.2
181,2,7,1.8
181,3,1,8.0
181,3,2,20.0
181,3,3,10.0
181,3,4,72.0
181,3,6,94.0
181,3,7,1.2
181,4,2,22.0
181,4,3,11.0
181,4,4,60.0
181,4,5,1.0
181,4,7,0.0
181,5,2,18.0
181,5,4,66.0
181,5,6,102.0
182,1,4,131.0
182,1,5,1.1
182,2,2,31.0
182,2,3,11.0
182,2,4,95.0
182,2,5,1.2
182,2,7,1.7
182,3,1,8.0
182,3,2,31.0
182,3,3,15.0
182,3,4,66.0
182,3,6,110.0
182,3,7,1.4
182,4,2,36.0
182,4,3,20.0
182,4,4,67.0
182,4,5,1.0
182,4,7,0.0
182,5,2,26.0
182,5,4,73.0
182,5,6,121.0
183,1,4,119.0
183,1,5,1.3
183,2,2,39.0
183,2,3,15.0
183,2,4,124.0
183,2,5,1.5
183,2,7,1.9
183,3,1,12.0
183,3,2,34.0
183,3,3,16.0
183,3,4,78.0
183,3,6,112.0
183,3,7,1.3
183,4,2,39.0
183,4,3,21.0
183,4,4,85.0
183,4,5,0.9
183,4,7,0.0
183,5,2,29.0
183,5,4,85.0
183,5,6,123.0
184,1,4,130.0
184,1,5,1.6
184,2,2,54.0
184,2,3,31.0
184,2,4,139.0
184,2,5,1.8
184,2,7,1.9
184,3,1,7.0
184,3,2,43.0
184,3,3,25.0
184,3,4,58.0
184,3,6,183.0
184,3,7,1.4
184,4,2,49.0
184,4,3,32.0
184,4,4,73.0
184,4,5,1.0
184,4,7,0.0
184,5,2,38.0
184,5,4,80.0
184,5,6,159.0
185,1,4,137.0
185,1,5,1.3
185,2,2,64.0
185,2,3,39.0
185,2,4,135.0
185,2,5,1.7
185,2,7,2.1
185,3,1,0.0
185,3,2,53.0
185,3,3,31.0
185,3,4,93.0
185,3,6,138.0
185,3,7,1.9
185,4,2,60.0
185,4,3,39.0
185,4,4,86.0
185,4,5,1.1
185,4,7,1.0
185,5,2,49.0
185,5,4,97.0
185,5,6,157.0
186,1,4,95.0
186,2,2,63.0
186,2,3,41.0
186,2,4,78.0
186,2,5,1.8
186,2,7,1.5
186,3,1,5.0
186,3,2,51.0
186,3,3,30.0
186,3,4,54.0
186,3,6,133.0
186,3,7,1.5
186,4,2,55.0
186,4,3,38.0
186,4,4,62.0
186,4,5,1.1
186,4,7,0.0
186,5,2,49.0
186,5,4,67.0
186,5,6,130.0
187,1,4,86.0
187,2,2,43.0
187,2,3,26.0
187,2,4,67.0
187,2,5,1.1
187,2,7,1.3
187,3,1,0.0
187,3,2,35.0
187,3,3,19.0
187,3,4,35.0
187,3,6,113.0
187,3,7,0.0
187,4,2,39.0
187,4,3,23.0
187,4,4,40.0
187,4,7,0.0
187,5,2,31.0
187,5,4,40.0
187,5,6,120.0
188,1,4,74.0
188,2,2,36.0
188,2,3,16.0
188,2,4,86.0
188,2,5,1.3
188,2,7,1.4
188,3,1,0.0
188,3,2,30.0
188,3,3,16.0
188,3,4,56.0
188,3,6,90.0
188,3,7,1.3
188,4,2,28.0
188,4,3,17.0
188,4,4,50.0
188,4,5,0.8
188,5,2,25.0
188,5,4,49.0
188,5,6,86.0
189,1,4,88.0
189,2,2,43.0
189,2,3,19.0
189,2,4,74.0
189,2,5,1.7
189,2,7,1.8
189,3,1,5.0
189,3,2,37.0
189,3,3,15.0
189,3,4,63.0
189,3,6,82.0
189,3,7,2.1
189,4,2,40.0
189,4,3,21.0
189,4,4,69.0
189,4,5,1.1
189,5,2,27.0
189,5,4,57.0
189,5,6,73.0
190,1,4,96.0
190,2,2,45.0
190,2,3,13.0
190,2,4,86.0
190,2,5,1.4
190,2,7,1.5
190,3,1,7.0
190,3,2,42.0
190,3,3,14.0
190,3,4,58.0
190,3,6,73.0
190,3,7,1.6
190,4,2,42.0
190,4,3,14.0
190,4,4,57.0
190,4,5,1.2
190,5,2,29.0
190,5,4,44.0
190,5,6,71.0
191,1,4,117.0
191,2,2,44.0
191,2,3,13.0
191,2,4,129.0
191,2,5,1.5
191,2,7,1.6
191,3,1,8.0
191,3,2,39.0
191,3,3,15.0
191,3,4,68.0
191,3,6,90.0
191,3,7,1.1
191,4,2,46.0
191,4,3,19.0
191,4,4,15.0
191,4,5,0.9
191,5,2,31.0
191,5,4,55.0
191,5,6,90.0
192,1,4,128.0
192,2,2,68.0
192,2,3,35.0
192,2,4,112.0
192,2,5,1.6
192,2,7,1.9
192,3,1,6.0
192,3,2,64.0
192,3,3,30.0
192,3,4,65.0
192,3,6,112.0
192,3,7,1.7
192,4,2,63.0
192,4,3,32.0
192,4,5,1.0
192,4,7,0.0
192,5,2,52.0
192,5,4,65.0
192,5,6,120.0
193,1,4,115.0
193,2,2,59.0
193,2,3,31.0
193,2,4,107.0
193,2,5,1.6
193,2,7,1.9
193,3,1,6.0
193,3,2,40.0
193,3,3,17.0
193,3,4,46.0
193,3,6,101.0
193,3,7,1.2
193,4,2,45.0
193,4,3,24.0
193,4,5,0.9
193,4,7,0.0
193,5,2,35.0
193,5,4,54.0
193,5,6,96.0
194,1,4,46.0
194,2,2,22.0
194,2,3,11.0
194,2,4,43.0
194,2,5,1.1
194,2,7,1.0
194,3,1,0.0
194,3,2,21.0
194,3,3,11.0
194,3,4,33.0
194,3,6,70.0
194,3,7,0.0
194,4,2,22.0
194,4,3,17.0
194,4,5,0.7
194,4,7,0.0
194,5,2,16.0
194,5,4,38.0
194,5,6,62.0
195,1,4,60.0
195,2,2,19.0
195,2,3,2.0
195,2,4,55.0
195,2,5,1.2
195,2,7,1.3
195,3,1,0.0
195,3,2,19.0
195,3,3,5.0
195,3,4,54.0
195,3,6,65.0
195,3,7,0.0
195,4,2,16.0
195,4,3,8.0
195,4,5,0.0
195,4,7,0.0
195,5,2,14.0
195,5,4,37.0
195,5,6,65.0
196,1,4,86.0
196,2,2,32.0
196,2,3,9.0
196,2,4,64.0
196,2,5,1.4
196,2,7,1.8
196,3,1,17.0
196,3,2,30.0
196,3,3,11.0
196,3,4,73.0
196,3,6,67.0
196,3,7,1.1
196,4,2,29.0
196,4,3,15.0
196,4,5,0.5
196,4,7,0.0
196,5,2,22.0
196,5,4,54.0
196,5,6,67.0
197,1,4,58.0
197,2,2,41.0
197,2,3,20.0
197,2,4,61.0
197,2,5,1.3
197,2,7,1.6
197,3,1,0.0
197,3,2,31.0
197,3,3,17.0
197,3,4,54.0
197,3,6,42.0
197,3,7,0.0
197,4,2,36.0
197,4,3,22.0
197,4,4,37.0
197,4,5,0.6
197,4,7,0.0
197,5,2,31.0
197,5,4,46.0
197,5,6,42.0
198,1,4,49.0
198,2,2,31.0
198,2,3,22.0
198,2,4,42.0
198,2,5,1.0
198,2,7,1.7
198,3,1,0.0
198,3,2,26.0
198,3,3,16.0
198,3,4,41.0
198,3,6,9.0
198,3,7,1.3
198,4,2,24.0
198,4,3,14.0
198,4,4,39.0
198,4,5,0.8
198,4,7,0.0
198,5,2,20.0
198,5,4,36.0
198,5,6,12.0
199,1,4,72.0
199,2,2,13.0
199,2,3,5.0
199,2,5,1.1
199,2,7,1.1
199,3,1,0.0
199,3,2,12.0
199,3,3,7.0
199,3,4,71.0
199,3,6,76.0
199,3,7,0.0
199,4,2,16.0
199,4,3,10.0
199,4,4,54.0
199,4,5,0.7
199,4,7,0.0
199,5,2,14.0
199,5,4,54.0
199,5,6,70.0
200,1,4,71.0
200,2,2,26.0
200,2,3,11.0
200,2,5,1.2
200,2,7,1.9
200,3,1,0.0
200,3,2,20.0
200,3,3,10.0
200,3,4,64.0
200,3,6,30.0
200,3,7,1.4
200,4,2,20.0
200,4,3,14.0
200,4,4,58.0
200,4,5,0.8
200,4,7,0.0
200,5,2,22.0
200,5,4,53.0
200,5,6,23.0
201,1,4,57.0
201,2,2,17.0
201,2,3,11.0
201,2,5,1.0
201,2,7,1.4
201,3,1,0.0
201,3,2,15.0
201,3,3,9.0
201,3,4,47.0
201,3,6,36.0
201,3,7,1.0
201,4,2,10.0
201,4,3,10.0
201,4,4,46.0
201,4,5,0.7
201,4,7,0.0
201,5,2,13.0
201,5,4,42.0
201,5,6,25.0
202,1,4,45.0
202,2,2,30.0
202,2,3,18.0
202,2,5,1.0
202,2,7,1.4
202,3,1,0.0
202,3,2,27.0
202,3,3,15.0
202,3,4,61.0
202,3,6,26.0
202,3,7,1.4
202,4,2,33.0
202,4,3,23.0
202,4,4,51.0
202,4,5,0.9
202,4,7,0.0
202,5,2,27.0
202,5,4,46.0
202,5,6,20.0
203,1,4,52.0
203,2,2,42.0
203,2,3,26.0
203,2,5,1.3
203,2,7,1.8
203,3,1,0.0
203,3,2,36.0
203,3,3,20.0
203,3,4,52.0
203,3,6,11.0
203,3,7,1.7
203,4,2,38.0
203,4,3,28.0
203,4,4,42.0
203,4,5,0.9
203,4,7,0.0
203,5,2,32.0
203,5,4,41.0
203,5,6,9.0
204,1,4,44.0
204,2,2,21.0
204,2,3,10.0
204,2,4,47.0
204,2,5,1.8
204,2,7,1.4
204,3,1,0.0
204,3,2,13.0
204,3,3,7.0
204,3,4,41.0
204,3,6,58.0
204,3,7,0.0
204,4,2,14.0
204,4,3,6.0
204,4,4,27.0
204,4,5,0.8
204,4,7,0.0
204,5,2,13.0
204,5,4,25.0
204,5,6,56.0
205,1,4,57.0
205,2,2,28.0
205,2,3,18.0
205,2,4,42.0
205,2,5,1.1
205,2,7,1.6
205,3,1,0.0
205,3,2,19.0
205,3,3,11.0
205,3,4,46.0
205,3,6,45.0
205,3,7,0.0
205,4,2,24.0
205,4,3,18.0
205,4,4,40.0
205,4,5,0.6
205,4,7,0.0
205,5,2,15.0
205,5,4,39.0
205,5,6,42.0
206,1,4,49.0
206,2,2,41.0
206,2,3,13.0
206,2,4,44.0
206,2,5,1.5
206,2,7,1.9
206,3,1,0.0
206,3,2,13.0
206,3,3,9.0
206,3,4,41.0
206,3,6,47.0
206,3,7,1.3
206,4,4,49.0
206,4,5,1.1
206,4,7,0.0
206,5,2,12.0
206,5,4,46.0
206,5,6,45.0
207,1,4,40.0
207,2,2,17.0
207,2,3,11.0
207,2,4,45.0
207,2,5,0.8
207,2,7,1.3
207,3,1,0.0
207,3,2,10.0
207,3,3,7.0
207,3,4,30.0
207,3,6,50.0
207,3,7,0.0
207,4,4,37.0
207,4,5,0.6
207,4,7,0.0
207,5,2,5.0
207,5,4,33.0
207,5,6,42.0
208,1,4,58.0
208,2,2,6.0
208,2,3,5.0
208,2,4,44.0
208,2,5,0.8
208,2,7,0.0
208,3,1,0.0
208,3,2,8.0
208,3,3,6.0
208,3,4,42.0
208,3,6,61.0
208,3,7,0.0
208,4,2,12.0
208,4,3,7.0
208,4,4,52.0
208,4,5,0.7
208,4,7,0.0
208,5,2,8.0
208,5,4,48.0
208,5,6,52.0
209,2,2,38.0
209,2,3,15.0
209,2,4,66.0
209,2,5,2.5
209,2,7,3.2
209,3,1,0.0
209,3,2,22.0
209,3,3,13.0
209,3,4,46.0
209,3,6,44.0
209,3,7,2.0
209,4,2,26.0
209,4,3,18.0
209,4,4,59.0
209,4,5,1.1
209,4,7,1.0
209,5,2,22.0
209,5,4,64.0
209,5,6,34.0
210,2,2,36.0
210,2,3,19.0
210,2,4,61.0
210,2,5,2.5
210,2,7,2.2
210,3,1,0.0
210,3,2,28.0
210,3,3,17.0
210,3,4,56.0
210,3,6,33.0
210,3,7,1.6
210,4,4,59.0
210,4,5,1.1
210,4,7,0.0
210,5,2,25.0
210,5,4,57.0
210,5,6,35.0
211,1,4,80.0
211,2,2,31.0
211,2,3,14.0
211,2,4,75.0
211,2,5,2.5
211,2,7,2.6
211,3,1,5.0
211,3,2,25.0
211,3,3,15.0
211,3,4,56.0
211,3,6,23.0
211,3,7,2.0
211,4,2,25.0
211,4,3,19.0
211,4,4,62.0
211,4,5,0.9
211,4,7,0.0
211,5,2,21.0
211,5,4,64.0
211,5,6,28.0
212,1,4,71.0
212,2,2,30.0
212,2,3,17.0
212,2,4,57.0
212,2,5,2.6
212,2,7,2.3
212,3,1,0.0
212,3,2,19.0
212,3,3,13.0
212,3,4,53.0
212,3,6,24.0
212,3,7,1.7
212,4,2,24.0
212,4,3,22.0
212,4,4,58.0
212,4,5,1.0
212,4,7,0.0
212,5,2,17.0
212,5,4,58.0
212,5,6,25.0
213,1,4,61.0
213,2,2,29.0
213,2,3,19.0
213,2,4,57.0
213,2,5,1.5
213,2,7,1.7
213,3,1,0.0
213,3,2,23.0
213,3,3,17.0
213,3,4,50.0
213,3,6,45.0
213,3,7,1.3
213,4,2,30.0
213,4,3,25.0
213,4,4,50.0
213,4,5,0.7
213,4,7,0.0
213,5,2,21.0
213,5,4,49.0
213,5,6,36.0
214,1,4,87.0
214,2,2,44.0
214,2,3,29.0
214,2,4,73.0
214,2,5,1.7
214,2,7,3.0
214,3,1,5.0
214,3,2,39.0
214,3,3,26.0
214,3,4,57.0
214,3,6,16.0
214,3,7,2.3
214,4,2,47.0
214,4,3,39.0
214,4,4,72.0
214,4,5,0.9
214,4,7,1.1
214,5,2,32.0
214,5,4,71.0
214,5,6,8.0
215,1,4,67.0
215,2,2,56.0
215,2,3,38.0
215,2,4,65.0
215,2,5,1.5
215,2,7,2.6
215,3,1,0.0
215,3,2,51.0
215,3,3,34.0
215,3,4,52.0
215,3,6,8.0
215,3,7,2.2
215,4,2,54.0
215,4,3,33.0
215,4,4,58.0
215,4,5,0.8
215,4,7,0.0
215,5,2,43.0
215,5,4,55.0
215,5,6,5.0
216,1,4,86.0
216,2,2,35.0
216,2,3,20.0
216,2,4,72.0
216,2,5,1.5
216,2,7,2.1
216,3,1,0.0
216,3,2,29.0
216,3,3,17.0
216,3,4,62.0
216,3,6,25.0
216,3,7,2.2
216,4,2,34.0
216,4,3,26.0
216,4,4,76.0
216,4,5,1.1
216,4,7,1.1
216,5,2,25.0
216,5,4,64.0
216,5,6,22.0
217,1,4,67.0
217,2,2,44.0
217,2,3,21.0
217,2,4,82.0
217,2,5,1.6
217,2,7,3.0
217,3,1,5.0
217,3,2,34.0
217,3,3,21.0
217,3,4,57.0
217,3,6,27.0
217,3,7,2.2
217,4,2,39.0
217,4,3,28.0
217,4,4,70.0
217,4,5,1.0
217,4,7,0.0
217,5,2,28.0
217,5,4,59.0
217,5,6,21.0
218,1,4,72.0
218,2,2,40.0
218,2,3,24.0
218,2,4,75.0
218,2,5,1.6
218,2,7,2.5
218,3,1,7.0
218,3,2,39.0
218,3,3,28.0
218,3,4,74.0
218,3,6,38.0
218,3,7,2.7
218,4,2,43.0
218,4,3,34.0
218,4,4,71.0
218,4,5,0.7
218,4,7,1.1
218,5,2,32.0
218,5,4,73.0
218,5,6,37.0
219,1,4,80.0
219,2,2,64.0
219,2,3,42.0
219,2,4,78.0
219,2,5,1.5
219,2,7,3.3
219,3,1,0.0
219,3,2,54.0
219,3,3,38.0
219,3,4,55.0
219,3,6,10.0
219,3,7,2.8
219,4,2,59.0
219,4,3,46.0
219,4,4,65.0
219,4,5,0.6
219,4,7,1.1
219,5,2,40.0
219,5,4,62.0
219,5,6,6.0
220,1,4,80.0
220,2,2,63.0
220,2,3,37.0
220,2,4,78.0
220,2,5,1.5
220,2,7,2.3
220,3,1,0.0
220,3,2,53.0
220,3,3,30.0
220,3,4,52.0
220,3,6,37.0
220,3,7,1.7
220,4,2,52.0
220,4,3,37.0
220,4,4,67.0
220,4,5,0.6
220,4,7,0.0
220,5,2,50.0
220,5,4,61.0
220,5,6,33.0
221,1,4,99.0
221,2,2,38.0
221,2,3,20.0
221,2,4,89.0
221,2,5,2.0
221,2,7,3.1
221,3,1,5.0
221,3,2,34.0
221,3,3,17.0
221,3,4,70.0
221,3,6,49.0
221,3,7,2.8
221,4,2,34.0
221,4,3,20.0
221,4,4,75.0
221,4,5,0.8
221,4,7,1.2
221,5,2,27.0
221,5,4,75.0
221,5,6,48.0
222,1,4,91.0
222,2,2,46.0
222,2,3,26.0
222,2,4,81.0
222,2,5,2.1
222,2,7,3.0
222,3,1,5.0
222,3,2,36.0
222,3,3,21.0
222,3,4,60.0
222,3,6,24.0
222,3,7,2.7
222,4,2,43.0
222,4,3,27.0
222,4,4,70.0
222,4,5,0.9
222,4,7,1.2
222,5,2,29.0
222,5,4,66.0
222,5,6,22.0
223,1,4,82.0
223,2,2,14.0
223,2,3,5.0
223,2,4,79.0
223,2,5,1.2
223,2,7,1.2
223,3,1,5.0
223,3,2,12.0
223,3,3,7.0
223,3,4,59.0
223,3,6,66.0
223,3,7,0.0
223,4,2,19.0
223,4,3,13.0
223,4,4,72.0
223,4,7,0.0
223,5,2,12.0
223,5,4,66.0
223,5,6,44.0
224,1,4,78.0
224,2,2,30.0
224,2,3,22.0
224,2,4,72.0
224,2,5,1.3
224,2,7,1.6
224,3,1,0.0
224,3,2,26.0
224,3,3,18.0
224,3,4,55.0
224,3,6,52.0
224,3,7,2.0
224,4,2,35.0
224,4,3,26.0
224,4,4,74.0
224,4,7,0.0
224,5,2,24.0
224,5,4,64.0
224,5,6,38.0
225,1,4,97.0
225,2,2,25.0
225,2,3,12.0
225,2,4,108.0
225,2,5,1.8
225,2,7,2.5
225,3,1,7.0
225,3,2,21.0
225,3,3,12.0
225,3,4,68.0
225,3,6,57.0
225,3,7,1.4
225,4,2,29.0
225,4,3,21.0
225,4,4,92.0
225,4,7,0.0
225,5,2,23.0
225,5,4,95.0
225,5,6,51.0
226,1,4,54.0
226,2,2,26.0
226,2,3,17.0
226,2,4,63.0
226,2,5,1.5
226,2,7,1.6
226,3,1,0.0
226,3,2,22.0
226,3,3,15.0
226,3,4,48.0
226,3,6,26.0
226,3,7,1.3
226,4,2,28.0
226,4,3,20.0
226,4,4,63.0
226,4,5,0.0
226,4,7,0.0
226,5,2,17.0
226,5,4,49.0
226,5,6,26.0
227,1,4,84.0
227,2,2,17.0
227,2,3,6.0
227,2,4,82.0
227,2,5,1.6
227,2,7,2.0
227,3,1,0.0
227,3,2,14.0
227,3,3,9.0
227,3,4,56.0
227,3,6,59.0
227,3,7,1.4
227,4,2,19.0
227,4,3,14.0
227,4,4,74.0
227,4,5,0.6
227,4,7,0.0
227,5,2,12.0
227,5,4,67.0
227,5,6,58.0
228,1,4,67.0
228,2,2,31.0
228,2,3,18.0
228,2,4,69.0
228,2,5,1.7
228,2,7,2.3
228,3,1,0.0
228,3,2,23.0
228,3,3,17.0
228,3,4,46.0
228,3,6,21.0
228,3,7,1.8
228,4,2,27.0
228,4,3,20.0
228,4,4,62.0
228,4,5,0.7
228,4,7,0.0
228,5,2,18.0
228,5,4,56.0
228,5,6,19.0
229,1,4,51.0
229,2,2,34.0
229,2,3,27.0
229,2,4,56.0
229,2,5,1.1
229,2,7,1.9
229,3,1,0.0
229,3,2,30.0
229,3,3,22.0
229,3,4,45.0
229,3,6,25.0
229,3,7,1.8
229,4,2,38.0
229,4,3,33.0
229,4,4,59.0
229,4,5,0.7
229,4,7,0.0
229,5,2,25.0
229,5,4,50.0
229,5,6,20.0
230,1,4,50.0
230,2,2,28.0
230,2,3,25.0
230,2,4,58.0
230,2,5,1.0
230,2,7,2.0
230,3,1,6.0
230,3,2,26.0
230,3,3,18.0
230,3,4,41.0
230,3,6,21.0
230,3,7,1.8
230,4,2,33.0
230,4,3,30.0
230,4,4,66.0
230,4,5,1.1
230,4,7,0.0
230,5,2,22.0
230,5,4,59.0
230,5,6,21.0
231,1,4,44.0
231,2,2,49.0
231,2,3,34.0
231,2,4,53.0
231,2,5,1.0
231,3,1,0.0
231,3,2,45.0
231,3,3,27.0
231,3,4,42.0
231,3,6,14.0
231,3,7,2.0
231,4,2,55.0
231,4,3,40.0
231,4,4,55.0
231,4,5,1.1
231,4,7,0.0
231,5,2,38.0
231,5,4,49.0
231,5,6,12.0
232,1,4,49.0
232,2,2,60.0
232,2,3,37.0
232,2,4,69.0
232,2,5,1.1
232,2,7,0.0
232,3,1,5.0
232,3,2,57.0
232,3,3,31.0
232,3,4,60.0
232,3,6,8.0
232,3,7,3.0
232,4,2,61.0
232,4,3,47.0
232,4,4,71.0
232,4,5,1.4
232,4,7,1.3
232,5,2,42.0
232,5,4,64.0
232,5,6,4.0
233,1,4,46.0
233,2,2,45.0
233,2,3,34.0
233,2,4,58.0
233,2,5,1.1
233,3,1,0.0
233,3,2,39.0
233,3,3,22.0
233,3,4,52.0
233,3,6,5.0
233,3,7,2.5
233,4,2,47.0
233,4,3,37.0
233,4,4,66.0
233,4,5,1.3
233,4,7,1.3
233,5,2,29.0
233,5,4,56.0
233,5,6,4.0
234,1,4,65.0
234,2,2,44.0
234,2,3,34.0
234,2,4,54.0
234,2,5,1.4
234,2,7,2.6
234,3,1,6.0
234,3,2,46.0
234,3,3,29.0
234,3,4,38.0
234,3,6,15.0
234,3,7,2.9
234,4,2,53.0
234,4,3,40.0
234,4,4,65.0
234,4,5,1.5
234,5,2,37.0
234,5,4,55.0
234,5,6,11.0
235,1,4,85.0
235,2,2,47.0
235,2,3,36.0
235,2,4,55.0
235,2,5,1.4
235,2,7,2.8
235,3,1,5.0
235,3,2,45.0
235,3,3,36.0
235,3,4,37.0
235,3,6,22.0
235,3,7,2.9
235,4,2,52.0
235,4,3,43.0
235,4,4,59.0
235,4,5,1.5
235,4,7,1.5
235,5,2,36.0
235,5,4,58.0
235,5,6,6.0
236,1,4,69.0
236,2,2,57.0
236,2,3,44.0
236,2,4,66.0
236,2,5,1.6
236,2,7,3.3
236,3,1,7.0
236,3,2,57.0
236,3,3,41.0
236,3,4,50.0
236,3,6,21.0
236,3,7,3.3
236,4,2,70.0
236,4,3,54.0
236,4,4,73.0
236,4,5,1.7
236,4,7,2.1
236,5,2,42.0
236,5,4,77.0
236,5,6,9.0
237,1,4,123.0
237,2,2,71.0
237,2,3,47.0
237,2,4,108.0
237,2,5,3.4
237,3,1,10.0
237,3,2,77.0
237,3,3,48.0
237,3,4,95.0
237,3,6,13.0
237,3,7,5.3
237,4,2,78.0
237,4,3,44.0
237,4,4,108.0
237,4,5,2.3
237,4,7,3.7
237,5,2,47.0
237,5,4,110.0
237,5,6,6.0
238,1,4,134.0
238,2,2,88.0
238,2,3,62.0
238,2,4,88.0
238,2,5,3.8
238,3,1,11.0
238,3,2,82.0
238,3,3,58.0
238,3,4,88.0
238,3,6,11.0
238,3,7,6.0
238,4,2,84.0
238,4,3,64.0
238,4,4,113.0
238,4,5,2.7
238,4,7,4.4
238,5,2,57.0
238,5,4,137.0
238,5,6,3.0
239,1,4,83.0
239,2,2,77.0
239,2,3,58.0
239,2,4,76.0
239,2,5,2.0
239,3,1,10.0
239,3,2,68.0
239,3,3,49.0
239,3,4,86.0
239,3,6,12.0
239,3,7,4.5
239,4,2,79.0
239,4,3,62.0
239,4,4,90.0
239,4,5,2.0
239,4,7,2.6
239,5,2,47.0
239,5,4,94.0
239,5,6,5.0
240,1,4,56.0
240,2,2,52.0
240,2,3,35.0
240,2,4,84.0
240,2,5,1.3
240,2,7,2.1
240,3,1,0.0
240,3,2,48.0
240,3,3,31.0
240,3,4,38.0
240,3,6,29.0
240,3,7,1.6
240,4,2,51.0
240,4,3,38.0
240,4,4,56.0
240,4,5,1.4
240,4,7,0.0
240,5,2,31.0
240,5,4,62.0
240,5,6,31.0
241,1,4,50.0
241,2,2,55.0
241,2,3,39.0
241,2,4,76.0
241,2,5,1.5
241,2,7,2.9
241,3,1,0.0
241,3,4,35.0
241,3,6,7.0
241,3,7,2.3
241,4,2,58.0
241,4,3,42.0
241,4,4,62.0
241,4,5,1.5
241,4,7,1.1
241,5,2,36.0
241,5,4,63.0
241,5,6,6.0
242,1,4,50.0
242,2,2,53.0
242,2,3,39.0
242,2,4,72.0
242,2,5,1.3
242,2,7,2.8
242,3,1,0.0
242,3,4,49.0
242,3,6,5.0
242,3,7,2.6
242,4,2,53.0
242,4,3,36.0
242,4,4,60.0
242,4,5,1.4
242,4,7,1.2
242,5,2,33.0
242,5,4,61.0
242,5,6,4.0
